,EDAD,GENERO,RESIDENCIA,NV_ESTUDIO,ESTUDIO_PREV,TRACK_DH,AVG_DH,MINUTES_DH,EXPERIENCIA
0,30,,BRAZIL,TERTIARY,COMMERCIAL,DATA,3.4,4558.8,11
1,31,MASCULINO,BRAZIL,UNIVERSITARY,BUSINESS,PROGRAMACION,3.7,,11
2,37,FEMENINO,BRAZIL,UNIVERSITARY,COMMERCIAL,,,4471.1,21.1
3,,MASCULINO,ARGENTINA,TERTIARY,,DATA,3.5,,
4,32,MASCULINO,ARGENTINA,TERTIARY,,DATA,4,4779.8,11.8
5,42,FEMENINO,ARGENTINA,UNIVERSITARY,ENGINEERING,MARKETING,3.8,4680.4,26.1
6,24,MASCULINO,MEXICO,UNIVERSITARY,COMMERCIAL,EJECUTIVO,4,,
7,32,MASCULINO,,UNIVERSITARY,COMMERCIAL,PROGRAMACION,3.4,4461.8,13
8,39,MASCULINO,BRAZIL,TERTIARY,ENGINEERING,DATA,3.1,,24.5
9,29,FEMENINO,BRAZIL,UNIVERSITARY,COMMERCIAL,EJECUTIVO,3.8,4665.8,9.1
10,25,MASCULINO,ARGENTINA,TERTIARY,ENGINEERING,,3.7,4657.2,2.4
11,42,MASCULINO,BRAZIL,UNIVERSITARY,ENGINEERING,DATA,3.3,4407.9,25.6
12,,MASCULINO,ARGENTINA,TERTIARY,ENGINEERING,DATA,3.4,4618.2,24.1
13,39,FEMENINO,,UNIVERSITARY,ENGINEERING,PROGRAMACION,3.9,4757,22.9
14,39,FEMENINO,BRAZIL,TERTIARY,COMMERCIAL,DATA,4,,24.7
15,35,MASCULINO,BRAZIL,UNIVERSITARY,,EJECUTIVO,4,4788.6,17
16,,MASCULINO,BRAZIL,UNIVERSITARY,ENGINEERING,PROGRAMACION,,4633.6,23.5
17,35,FEMENINO,,,DEVELOPMENT,EJECUTIVO,3.1,4082.2,17.9
18,,MASCULINO,,UNIVERSITARY,ENGINEERING,DATA,3.4,4510.7,12.5
19,33,MASCULINO,ARGENTINA,UNIVERSITARY,DEVELOPMENT,DATA,3.5,,14.4
20,28,,ARGENTINA,UNIVERSITARY,ENGINEERING,PROGRAMACION,3.9,4594.6,6.9
21,,MASCULINO,MEXICO,UNIVERSITARY,ENGINEERING,PROGRAMACION,2.9,3486.7,
22,33,FEMENINO,,UNIVERSITARY,ENGINEERING,,3.3,4494.6,14.1
23,,MASCULINO,,TERTIARY,COMMERCIAL,MARKETING,,,9.9
24,30,MASCULINO,ARGENTINA,UNIVERSITARY,,,3.2,4275,
25,,,ARGENTINA,UNIVERSITARY,ENGINEERING,DATA,,4221.5,13.8
26,,MASCULINO,ARGENTINA,TERTIARY,ENGINEERING,PROGRAMACION,3.4,4595.6,14.5
27,43,FEMENINO,BRAZIL,UNIVERSITARY,DEVELOPMENT,,3.5,4576.4,27.5
28,41,FEMENINO,,UNIVERSITARY,,PROGRAMACION,,4555.5,25.9
29,37,,,UNIVERSITARY,ENGINEERING,PROGRAMACION,3.2,4308.4,20.5
30,32,FEMENINO,,POST_GRADUATE,ENGINEERING,DATA,3.8,4727.4,13.8
31,35,MASCULINO,MEXICO,UNIVERSITARY,COMMERCIAL,PROGRAMACION,2.1,,17.5
32,33,,BRAZIL,UNIVERSITARY,COMMERCIAL,MARKETING,,4599.4,15.5
33,34,MASCULINO,,TERTIARY,ENGINEERING,PROGRAMACION,3.2,4325.5,15
34,41,MASCULINO,BRAZIL,UNIVERSITARY,DEVELOPMENT,,3.8,,26.9
35,31,,ARGENTINA,TERTIARY,COMMERCIAL,PROGRAMACION,3.3,4415.4,11.1
36,28,FEMENINO,ARGENTINA,,,DATA,2.9,3620,
37,37,FEMENINO,ARGENTINA,TERTIARY,,EJECUTIVO,3.5,,20.3
38,44,MASCULINO,MEXICO,UNIVERSITARY,DEVELOPMENT,DATA,3.1,,
39,29,MASCULINO,ARGENTINA,,DEVELOPMENT,EJECUTIVO,3.8,4637.5,9.4
40,30,MASCULINO,MEXICO,,,DATA,2.9,3679.8,10
41,32,FEMENINO,BRAZIL,UNIVERSITARY,,DATA,,5293.8,13.2
42,,MASCULINO,MEXICO,UNIVERSITARY,BUSINESS,EJECUTIVO,,,15.7
43,,MASCULINO,,UNIVERSITARY,ENGINEERING,PROGRAMACION,3.1,4103.5,17
44,33,MASCULINO,,UNIVERSITARY,ENGINEERING,,3.8,4596.4,15
45,32,FEMENINO,ARGENTINA,UNIVERSITARY,DEVELOPMENT,PROGRAMACION,3.3,4355.1,14
46,31,MASCULINO,ARGENTINA,,ENGINEERING,PROGRAMACION,,4435,11.5
47,30,FEMENINO,,UNIVERSITARY,ENGINEERING,DATA,,4604.2,10.9
48,37,FEMENINO,MEXICO,,ENGINEERING,DATA,3.5,4704.7,21.1
49,36,MASCULINO,ARGENTINA,UNIVERSITARY,ENGINEERING,,2.9,3548.5,17.8
50,41,MASCULINO,ARGENTINA,POST_GRADUATE,COMMERCIAL,,,4942,26.1
51,33,MASCULINO,ARGENTINA,TERTIARY,ENGINEERING,PROGRAMACION,3.8,4653.9,
52,33,,BRAZIL,TERTIARY,ENGINEERING,DATA,3.7,4693.9,14.3
53,37,,BRAZIL,UNIVERSITARY,,DATA,,4385.1,20.8
54,28,MASCULINO,MEXICO,UNIVERSITARY,COMMERCIAL,PROGRAMACION,3.9,,7.7
55,37,MASCULINO,,TERTIARY,ENGINEERING,EJECUTIVO,3.4,4547.2,21.2
56,,MASCULINO,BRAZIL,UNIVERSITARY,ENGINEERING,,3.5,4593.9,19.8
57,34,MASCULINO,ARGENTINA,TERTIARY,ENGINEERING,EJECUTIVO,3.6,4686.1,
58,25,MASCULINO,,TERTIARY,ENGINEERING,EJECUTIVO,4.3,5045.5,
59,34,MASCULINO,BRAZIL,POST_GRADUATE,ENGINEERING,MARKETING,2.9,3654.6,15.4
60,34,MASCULINO,MEXICO,UNIVERSITARY,COMMERCIAL,PROGRAMACION,,4375.1,15.8
61,36,MASCULINO,,POST_GRADUATE,ENGINEERING,,3.3,4493.1,
62,25,MASCULINO,BRAZIL,UNIVERSITARY,,PROGRAMACION,3.7,4548.5,
63,37,MASCULINO,ARGENTINA,UNIVERSITARY,ENGINEERING,DATA,3.4,4617.5,19.6
64,36,MASCULINO,,UNIVERSITARY,COMMERCIAL,DATA,,4783.9,19.2
65,37,FEMENINO,ARGENTINA,TERTIARY,ENGINEERING,PROGRAMACION,4,4713,22.6
66,44,MASCULINO,ARGENTINA,POST_GRADUATE,ENGINEERING,,3.5,4537.8,
67,26,MASCULINO,ARGENTINA,UNIVERSITARY,,DATA,3.4,4568.7,4.7
68,24,FEMENINO,ARGENTINA,TERTIARY,DEVELOPMENT,DATA,,4674.8,3.7
69,41,MASCULINO,ARGENTINA,TERTIARY,ENGINEERING,MARKETING,3.1,4148.2,
70,36,MASCULINO,ARGENTINA,UNIVERSITARY,COMMERCIAL,PROGRAMACION,,4605.1,19.4
71,43,FEMENINO,BRAZIL,TERTIARY,COMMERCIAL,DATA,3.7,4728.8,27.1
72,37,FEMENINO,BRAZIL,UNIVERSITARY,,PROGRAMACION,,4211.8,19.9
73,25,FEMENINO,ARGENTINA,,COMMERCIAL,,4.1,,4.4
74,30,FEMENINO,,,DEVELOPMENT,,4,4751.6,9.5
75,34,MASCULINO,ARGENTINA,UNIVERSITARY,ENGINEERING,DATA,3.4,4481.1,15.1
76,30,MASCULINO,ARGENTINA,TERTIARY,ENGINEERING,DATA,3.7,4640.3,10.9
77,34,,ARGENTINA,TERTIARY,ENGINEERING,DATA,3.2,4300.5,15.8
78,38,,MEXICO,UNIVERSITARY,,DATA,3.7,,23.8
79,33,MASCULINO,ARGENTINA,UNIVERSITARY,DEVELOPMENT,DATA,3.5,4634.9,
80,34,MASCULINO,ARGENTINA,UNIVERSITARY,ENGINEERING,DATA,3.6,4607.8,16
81,,MASCULINO,MEXICO,UNIVERSITARY,COMMERCIAL,,3.8,4575.2,13
82,37,MASCULINO,,UNIVERSITARY,ENGINEERING,,3.6,4595.3,22
83,,MASCULINO,ARGENTINA,UNIVERSITARY,DEVELOPMENT,PROGRAMACION,3.8,4707.1,
84,34,MASCULINO,ARGENTINA,UNIVERSITARY,COMMERCIAL,DATA,3.3,4501,17.6
85,28,FEMENINO,ARGENTINA,UNIVERSITARY,COMMERCIAL,MARKETING,3.4,,7.2
86,33,MASCULINO,BRAZIL,POST_GRADUATE,ENGINEERING,PROGRAMACION,3.6,4630.4,15.6
87,29,,BRAZIL,POST_GRADUATE,DEVELOPMENT,DATA,3.6,4560.7,7.5
88,,MASCULINO,MEXICO,TERTIARY,,DATA,,4690.9,15
89,36,MASCULINO,,TERTIARY,COMMERCIAL,EJECUTIVO,4.6,,19.8
90,32,MASCULINO,ARGENTINA,,,DATA,3.7,4741.8,13.3
91,33,MASCULINO,ARGENTINA,UNIVERSITARY,,DATA,,4696.6,15.7
92,32,FEMENINO,,TERTIARY,COMMERCIAL,PROGRAMACION,3.6,4643.3,12.5
93,,,MEXICO,UNIVERSITARY,DEVELOPMENT,DATA,3.5,4549.1,12
94,32,FEMENINO,ARGENTINA,POST_GRADUATE,ENGINEERING,DATA,3.7,4598.9,11.8
95,39,MASCULINO,BRAZIL,UNIVERSITARY,ENGINEERING,DATA,3.4,4547.7,24.3
96,,,ARGENTINA,,ENGINEERING,PROGRAMACION,3.7,4596.8,
97,39,,MEXICO,POST_GRADUATE,ENGINEERING,PROGRAMACION,3.4,4486,22.1
98,39,FEMENINO,,UNIVERSITARY,ENGINEERING,DATA,3.8,,23.5
99,25,FEMENINO,ARGENTINA,UNIVERSITARY,,DATA,3.7,4548.6,2.2
100,38,MASCULINO,,TERTIARY,,DATA,,3545.1,23.2
101,,MASCULINO,ARGENTINA,UNIVERSITARY,ENGINEERING,DATA,3.7,4693.3,14.9
102,,FEMENINO,ARGENTINA,POST_GRADUATE,ENGINEERING,DATA,3.8,4594,16.6
103,35,,BRAZIL,TERTIARY,ENGINEERING,EJECUTIVO,3.9,,17.6
104,,MASCULINO,ARGENTINA,UNIVERSITARY,ENGINEERING,MARKETING,3.8,4656.8,14.9
105,31,MASCULINO,,POST_GRADUATE,COMMERCIAL,DATA,2.9,3640.6,9.8
106,43,FEMENINO,ARGENTINA,UNIVERSITARY,ENGINEERING,,3.5,,26.9
107,,FEMENINO,ARGENTINA,TERTIARY,ENGINEERING,PROGRAMACION,3.7,4638,6
108,30,FEMENINO,,UNIVERSITARY,ENGINEERING,PROGRAMACION,3.5,4679.7,11.4
109,40,MASCULINO,MEXICO,TERTIARY,ENGINEERING,MARKETING,3.6,4622.3,24.8
110,32,FEMENINO,BRAZIL,TERTIARY,ENGINEERING,EJECUTIVO,2.9,3513.4,14
111,33,,,TERTIARY,ENGINEERING,PROGRAMACION,3.4,4525.9,
112,27,FEMENINO,ARGENTINA,UNIVERSITARY,ENGINEERING,DATA,,4153,5.7
113,34,MASCULINO,MEXICO,UNIVERSITARY,ENGINEERING,,3.2,4316.2,15.9
114,33,MASCULINO,MEXICO,TERTIARY,COMMERCIAL,DATA,3.3,4417.7,14.7
115,37,MASCULINO,BRAZIL,UNIVERSITARY,COMMERCIAL,EJECUTIVO,3.5,,21.4
116,33,,ARGENTINA,UNIVERSITARY,BUSINESS,DATA,3.1,4182.8,14.5
117,35,,ARGENTINA,POST_GRADUATE,ENGINEERING,DATA,4.3,5188.2,17.5
118,32,MASCULINO,MEXICO,UNIVERSITARY,COMMERCIAL,PROGRAMACION,,3563.6,
119,29,MASCULINO,ARGENTINA,POST_GRADUATE,COMMERCIAL,,3.4,4603.1,9.9
120,36,MASCULINO,BRAZIL,,COMMERCIAL,DATA,3.1,4031.2,21
121,33,MASCULINO,ARGENTINA,UNIVERSITARY,ENGINEERING,EJECUTIVO,3.7,,16.3
122,40,MASCULINO,BRAZIL,UNIVERSITARY,ENGINEERING,PROGRAMACION,,4646.5,26.2
123,27,FEMENINO,ARGENTINA,TERTIARY,COMMERCIAL,DATA,3.1,4026.4,5.7
124,27,FEMENINO,ARGENTINA,UNIVERSITARY,COMMERCIAL,,4.3,5127.3,5.5
125,39,,ARGENTINA,UNIVERSITARY,COMMERCIAL,DATA,2.9,3553.5,25.7
126,40,MASCULINO,ARGENTINA,POST_GRADUATE,ENGINEERING,DATA,3.4,4570.7,25.2
127,33,FEMENINO,ARGENTINA,UNIVERSITARY,ENGINEERING,,,3919.3,
128,33,,BRAZIL,TERTIARY,COMMERCIAL,PROGRAMACION,2.9,3594.7,16
129,35,,,UNIVERSITARY,COMMERCIAL,PROGRAMACION,3.4,4617,16.8
130,42,MASCULINO,MEXICO,UNIVERSITARY,,PROGRAMACION,,4139.2,27.9
131,34,MASCULINO,,UNIVERSITARY,ENGINEERING,,,,15.3
132,36,FEMENINO,ARGENTINA,UNIVERSITARY,COMMERCIAL,PROGRAMACION,3.3,4362.9,18.9
133,30,MASCULINO,BRAZIL,TERTIARY,COMMERCIAL,DATA,3,3783.1,9.9
134,,MASCULINO,,UNIVERSITARY,,,,3810.2,10.9
135,33,MASCULINO,,UNIVERSITARY,DEVELOPMENT,MARKETING,3.8,4573.8,15.2
136,42,FEMENINO,ARGENTINA,UNIVERSITARY,DEVELOPMENT,EJECUTIVO,,4815.2,27.6
137,33,,ARGENTINA,UNIVERSITARY,,MARKETING,3,3922.7,
138,32,MASCULINO,ARGENTINA,POST_GRADUATE,COMMERCIAL,DATA,2.8,3298.4,12.6
139,,MASCULINO,ARGENTINA,UNIVERSITARY,COMMERCIAL,,3.8,4754.3,
140,22,MASCULINO,ARGENTINA,UNIVERSITARY,ENGINEERING,EJECUTIVO,3.7,4679.1,0.7
141,29,MASCULINO,,UNIVERSITARY,COMMERCIAL,DATA,3.3,4466.2,8.5
142,41,MASCULINO,ARGENTINA,UNIVERSITARY,BUSINESS,DATA,3.1,4090.8,26.7
143,34,MASCULINO,ARGENTINA,UNIVERSITARY,DEVELOPMENT,DATA,,3566.1,16.6
144,37,MASCULINO,,,DEVELOPMENT,PROGRAMACION,3.1,4105.2,22.2
145,24,FEMENINO,,UNIVERSITARY,ENGINEERING,,,4126.7,2.8
146,20,MASCULINO,BRAZIL,,DEVELOPMENT,DATA,3.7,4603.4,0.2
147,,MASCULINO,ARGENTINA,,DEVELOPMENT,PROGRAMACION,3,3932.5,28.2
148,44,MASCULINO,ARGENTINA,UNIVERSITARY,COMMERCIAL,PROGRAMACION,3.7,4693.2,
149,,MASCULINO,,UNIVERSITARY,COMMERCIAL,PROGRAMACION,3.5,4654.5,12
150,28,MASCULINO,,TERTIARY,COMMERCIAL,DATA,3.5,,6.5
151,32,,ARGENTINA,TERTIARY,DEVELOPMENT,PROGRAMACION,3.8,4621.6,14.9
152,35,MASCULINO,,,ENGINEERING,DATA,3.6,4560.7,
153,30,MASCULINO,MEXICO,,ENGINEERING,,,4626.8,9.2
154,36,FEMENINO,ARGENTINA,UNIVERSITARY,DEVELOPMENT,,3.4,4460.6,19.1
155,24,MASCULINO,BRAZIL,UNIVERSITARY,DEVELOPMENT,DATA,3.3,4356,3.2
156,33,FEMENINO,ARGENTINA,,,DATA,2.9,3498.9,15.4
157,29,MASCULINO,ARGENTINA,TERTIARY,ENGINEERING,PROGRAMACION,3.1,4063.8,
158,32,FEMENINO,ARGENTINA,UNIVERSITARY,ENGINEERING,DATA,3.8,4629.1,13.3
159,32,FEMENINO,ARGENTINA,POST_GRADUATE,ENGINEERING,PROGRAMACION,3.5,4535,13.5
160,,MASCULINO,ARGENTINA,,COMMERCIAL,,,4654.2,
161,,MASCULINO,ARGENTINA,TERTIARY,COMMERCIAL,,4,4728.2,
162,31,FEMENINO,ARGENTINA,UNIVERSITARY,COMMERCIAL,,3.6,,11.4
163,32,FEMENINO,BRAZIL,,DEVELOPMENT,PROGRAMACION,3.7,4708,12.6
164,24,MASCULINO,ARGENTINA,POST_GRADUATE,ENGINEERING,,3.5,,0.5
165,31,MASCULINO,ARGENTINA,UNIVERSITARY,DEVELOPMENT,PROGRAMACION,3.7,4575.6,12.8
166,30,,ARGENTINA,UNIVERSITARY,DEVELOPMENT,DATA,3.5,4631.5,8.5
167,29,MASCULINO,BRAZIL,TERTIARY,BUSINESS,DATA,3.6,4668.3,
168,27,MASCULINO,ARGENTINA,TERTIARY,COMMERCIAL,EJECUTIVO,3.3,4543.8,6.9
169,25,MASCULINO,ARGENTINA,,,PROGRAMACION,3.4,4536.5,2.5
170,39,FEMENINO,BRAZIL,,DEVELOPMENT,PROGRAMACION,,4432.3,23.5
171,30,FEMENINO,BRAZIL,UNIVERSITARY,DEVELOPMENT,DATA,3.1,4142,8.5
172,31,MASCULINO,ARGENTINA,UNIVERSITARY,ENGINEERING,PROGRAMACION,2.7,,12.2
173,,FEMENINO,BRAZIL,TERTIARY,DEVELOPMENT,EJECUTIVO,4,4672.3,15.1
174,35,FEMENINO,MEXICO,,COMMERCIAL,DATA,,4585.8,
175,43,FEMENINO,ARGENTINA,UNIVERSITARY,COMMERCIAL,PROGRAMACION,4.1,4851.3,29.4
176,31,MASCULINO,ARGENTINA,UNIVERSITARY,ENGINEERING,DATA,3.1,4086.7,
177,32,,ARGENTINA,POST_GRADUATE,ENGINEERING,DATA,3.1,,14.4
178,35,MASCULINO,BRAZIL,TERTIARY,ENGINEERING,DATA,2.9,3470.3,
179,37,FEMENINO,MEXICO,UNIVERSITARY,DEVELOPMENT,PROGRAMACION,3.3,4464.4,22.1
180,27,MASCULINO,ARGENTINA,UNIVERSITARY,COMMERCIAL,EJECUTIVO,,3645.5,6
181,30,MASCULINO,BRAZIL,UNIVERSITARY,ENGINEERING,PROGRAMACION,,4679.4,9.5
182,30,FEMENINO,BRAZIL,TERTIARY,COMMERCIAL,DATA,3.7,4682.1,9.9
183,38,MASCULINO,MEXICO,UNIVERSITARY,ENGINEERING,DATA,3.4,,22.6
184,32,MASCULINO,MEXICO,UNIVERSITARY,COMMERCIAL,PROGRAMACION,3.2,4300.1,12.8
185,36,FEMENINO,ARGENTINA,UNIVERSITARY,COMMERCIAL,PROGRAMACION,3.5,4601.3,18.5
186,31,,,TERTIARY,DEVELOPMENT,PROGRAMACION,3.2,4221.7,12.4
187,31,MASCULINO,ARGENTINA,TERTIARY,ENGINEERING,DATA,3.2,4231.8,11.6
188,34,FEMENINO,ARGENTINA,UNIVERSITARY,ENGINEERING,PROGRAMACION,,4599.1,14.8
189,39,,BRAZIL,TERTIARY,COMMERCIAL,PROGRAMACION,,4708.7,24.7
190,32,MASCULINO,ARGENTINA,,ENGINEERING,DATA,3.6,4671.8,14
191,21,FEMENINO,ARGENTINA,TERTIARY,ENGINEERING,DATA,,4675.4,0
192,37,MASCULINO,BRAZIL,,ENGINEERING,PROGRAMACION,3.6,4594.5,21.4
193,30,FEMENINO,BRAZIL,POST_GRADUATE,ENGINEERING,PROGRAMACION,3.5,4621.1,
194,35,MASCULINO,ARGENTINA,UNIVERSITARY,COMMERCIAL,PROGRAMACION,4.1,4732.9,
195,29,FEMENINO,ARGENTINA,TERTIARY,,PROGRAMACION,,4581.1,7.8
196,34,MASCULINO,ARGENTINA,POST_GRADUATE,COMMERCIAL,,3.6,,16.7
197,29,MASCULINO,ARGENTINA,UNIVERSITARY,COMMERCIAL,DATA,3.2,4355.5,8.9
198,,MASCULINO,ARGENTINA,UNIVERSITARY,DEVELOPMENT,MARKETING,3.5,4661.5,23.2
199,40,FEMENINO,BRAZIL,UNIVERSITARY,ENGINEERING,EJECUTIVO,4,,24.3
200,35,MASCULINO,BRAZIL,UNIVERSITARY,ENGINEERING,DATA,3.8,4592.4,18.2
201,30,FEMENINO,BRAZIL,UNIVERSITARY,ENGINEERING,PROGRAMACION,4.1,,8.2
202,38,MASCULINO,,UNIVERSITARY,ENGINEERING,,3.3,4534.5,22.5
203,31,MASCULINO,BRAZIL,TERTIARY,ENGINEERING,PROGRAMACION,3.5,,
204,26,MASCULINO,ARGENTINA,UNIVERSITARY,COMMERCIAL,PROGRAMACION,3.4,4483.5,6.1
205,,,ARGENTINA,UNIVERSITARY,ENGINEERING,PROGRAMACION,2.9,3630.7,10.4
206,35,MASCULINO,ARGENTINA,,BUSINESS,,2.6,2554.8,
207,33,MASCULINO,BRAZIL,TERTIARY,ENGINEERING,DATA,4,4620.4,14
208,27,FEMENINO,ARGENTINA,,COMMERCIAL,DATA,3.4,4532.8,4.8
209,,,BRAZIL,UNIVERSITARY,ENGINEERING,PROGRAMACION,4,4643.5,18.8
210,30,MASCULINO,ARGENTINA,TERTIARY,COMMERCIAL,DATA,3.7,,10.8
211,31,MASCULINO,ARGENTINA,UNIVERSITARY,DEVELOPMENT,DATA,3.3,4477.9,12.1
212,29,FEMENINO,ARGENTINA,UNIVERSITARY,,DATA,3,3877,8.9
213,34,FEMENINO,BRAZIL,,,PROGRAMACION,3.8,4597.7,17.6
214,27,MASCULINO,,UNIVERSITARY,ENGINEERING,PROGRAMACION,3.8,4569.4,
215,,FEMENINO,ARGENTINA,POST_GRADUATE,,PROGRAMACION,3.8,4620.7,13.5
216,38,MASCULINO,BRAZIL,,COMMERCIAL,,3.8,4678.8,21.5
217,42,MASCULINO,,TERTIARY,COMMERCIAL,DATA,4,4651.1,25.9
218,36,MASCULINO,ARGENTINA,UNIVERSITARY,COMMERCIAL,DATA,4.5,5580.3,20.1
219,25,MASCULINO,ARGENTINA,TERTIARY,ENGINEERING,PROGRAMACION,3.1,4017.3,
220,23,MASCULINO,ARGENTINA,POST_GRADUATE,ENGINEERING,DATA,4.1,4715.2,2.6
221,34,FEMENINO,ARGENTINA,UNIVERSITARY,ENGINEERING,MARKETING,3.2,4239.2,17.4
222,28,MASCULINO,,POST_GRADUATE,COMMERCIAL,MARKETING,3.5,4608,7.7
223,32,MASCULINO,ARGENTINA,UNIVERSITARY,ENGINEERING,DATA,3.7,4675.5,13.2
224,41,MASCULINO,ARGENTINA,TERTIARY,COMMERCIAL,,3.5,4525.3,24.9
225,37,,ARGENTINA,TERTIARY,ENGINEERING,PROGRAMACION,2.8,3340.5,21.5
226,36,MASCULINO,BRAZIL,POST_GRADUATE,DEVELOPMENT,EJECUTIVO,4.3,5061,18.8
227,35,FEMENINO,ARGENTINA,TERTIARY,DEVELOPMENT,PROGRAMACION,3.9,,18.5
228,33,FEMENINO,MEXICO,UNIVERSITARY,ENGINEERING,DATA,2.9,3662.1,15.1
229,,MASCULINO,MEXICO,UNIVERSITARY,DEVELOPMENT,,3.2,4267.5,
230,,MASCULINO,,UNIVERSITARY,ENGINEERING,DATA,3.4,4544.3,22.6
231,27,,,UNIVERSITARY,ENGINEERING,MARKETING,3.4,4476.1,6.8
232,33,MASCULINO,BRAZIL,UNIVERSITARY,ENGINEERING,DATA,3.8,,
233,32,FEMENINO,ARGENTINA,TERTIARY,COMMERCIAL,PROGRAMACION,2.7,2971.6,12.5
234,40,MASCULINO,ARGENTINA,UNIVERSITARY,COMMERCIAL,DATA,,4373.1,25.1
235,29,,,UNIVERSITARY,,DATA,3.5,4704.1,9.4
236,42,MASCULINO,BRAZIL,TERTIARY,DEVELOPMENT,DATA,3.3,4401.2,27.5
237,30,MASCULINO,ARGENTINA,,DEVELOPMENT,DATA,3.8,4736.6,10.7
238,35,,ARGENTINA,TERTIARY,BUSINESS,PROGRAMACION,3.1,4097.3,18.8
239,35,MASCULINO,BRAZIL,,COMMERCIAL,DATA,3.9,4678.3,17.9
240,34,MASCULINO,MEXICO,POST_GRADUATE,COMMERCIAL,DATA,3.5,4504.4,16.2
241,,MASCULINO,ARGENTINA,TERTIARY,DEVELOPMENT,,4.1,4813.4,16.4
242,,MASCULINO,MEXICO,UNIVERSITARY,ENGINEERING,PROGRAMACION,,,8.5
243,37,MASCULINO,ARGENTINA,UNIVERSITARY,DEVELOPMENT,DATA,3.4,4455.8,
244,34,,ARGENTINA,,ENGINEERING,,3.5,4599.8,
245,30,FEMENINO,ARGENTINA,UNIVERSITARY,ENGINEERING,DATA,3.7,4605.3,9.5
246,36,FEMENINO,ARGENTINA,UNIVERSITARY,ENGINEERING,DATA,3.5,,
247,36,FEMENINO,ARGENTINA,TERTIARY,COMMERCIAL,,2.7,2818.3,20.6
248,31,MASCULINO,ARGENTINA,UNIVERSITARY,ENGINEERING,DATA,,4468.4,12
249,33,MASCULINO,ARGENTINA,,ENGINEERING,DATA,3.6,4554.7,15.7
250,30,MASCULINO,,UNIVERSITARY,ENGINEERING,PROGRAMACION,,6825.3,9.7
251,37,MASCULINO,ARGENTINA,UNIVERSITARY,ENGINEERING,DATA,,4480.9,20.8
252,37,MASCULINO,,TERTIARY,ENGINEERING,DATA,,4705.7,20.7
253,36,FEMENINO,ARGENTINA,UNIVERSITARY,DEVELOPMENT,,2.8,3283.9,18.3
254,30,MASCULINO,,UNIVERSITARY,,DATA,3.8,4748.1,9.3
255,,MASCULINO,MEXICO,UNIVERSITARY,ENGINEERING,EJECUTIVO,4.3,5142.3,
256,37,,ARGENTINA,UNIVERSITARY,COMMERCIAL,,3.5,4532.9,22.2
257,,MASCULINO,ARGENTINA,,ENGINEERING,EJECUTIVO,3.2,4396.2,7.9
258,26,MASCULINO,BRAZIL,UNIVERSITARY,,DATA,3.4,4586.2,
259,35,MASCULINO,BRAZIL,UNIVERSITARY,COMMERCIAL,PROGRAMACION,3.4,4440.9,16.8
260,39,MASCULINO,ARGENTINA,TERTIARY,ENGINEERING,EJECUTIVO,4.1,,22.2
261,40,MASCULINO,,UNIVERSITARY,ENGINEERING,DATA,3.2,4286.7,
262,,MASCULINO,ARGENTINA,UNIVERSITARY,BUSINESS,PROGRAMACION,3.4,4601.1,28
263,39,,ARGENTINA,UNIVERSITARY,COMMERCIAL,DATA,3.9,,
264,,FEMENINO,ARGENTINA,UNIVERSITARY,DEVELOPMENT,PROGRAMACION,,4687.8,
265,36,,MEXICO,UNIVERSITARY,,,3.9,4704.3,20.5
266,33,MASCULINO,ARGENTINA,UNIVERSITARY,COMMERCIAL,DATA,3.3,4452.7,14.8
267,,MASCULINO,ARGENTINA,UNIVERSITARY,ENGINEERING,DATA,3.6,4561.4,10
268,,FEMENINO,MEXICO,UNIVERSITARY,ENGINEERING,DATA,3.7,4698.1,19.9
269,44,,MEXICO,TERTIARY,,PROGRAMACION,,4255,30.1
270,,MASCULINO,,,ENGINEERING,DATA,3.3,4477.2,5.5
271,,FEMENINO,BRAZIL,UNIVERSITARY,COMMERCIAL,DATA,3.6,,9.7
272,39,MASCULINO,ARGENTINA,UNIVERSITARY,BUSINESS,DATA,3.8,4720.5,23.3
273,30,FEMENINO,ARGENTINA,TERTIARY,DEVELOPMENT,,2.7,2869.9,11.1
274,29,MASCULINO,ARGENTINA,UNIVERSITARY,COMMERCIAL,DATA,3.6,,7.7
275,47,MASCULINO,ARGENTINA,UNIVERSITARY,,,,,
276,33,MASCULINO,MEXICO,UNIVERSITARY,COMMERCIAL,DATA,3.8,4703.7,14
277,32,MASCULINO,MEXICO,UNIVERSITARY,DEVELOPMENT,,3.8,4696,13.8
278,33,MASCULINO,,UNIVERSITARY,,PROGRAMACION,3.3,4353.6,12.9
279,37,MASCULINO,MEXICO,UNIVERSITARY,COMMERCIAL,,,4620.8,22.2
280,38,FEMENINO,MEXICO,TERTIARY,ENGINEERING,PROGRAMACION,3.7,4596.4,23.7
281,36,MASCULINO,MEXICO,UNIVERSITARY,COMMERCIAL,DATA,3.3,4455.2,19.4
282,34,FEMENINO,ARGENTINA,TERTIARY,COMMERCIAL,,3.6,4603.4,16.6
283,,MASCULINO,ARGENTINA,UNIVERSITARY,DEVELOPMENT,,3.6,4634.6,14
284,36,FEMENINO,ARGENTINA,TERTIARY,COMMERCIAL,DATA,3.3,,20.8
285,28,MASCULINO,MEXICO,POST_GRADUATE,ENGINEERING,DATA,3.4,,6.4
286,35,FEMENINO,BRAZIL,UNIVERSITARY,,PROGRAMACION,3.9,4623.7,18.9
287,33,MASCULINO,BRAZIL,UNIVERSITARY,,DATA,4.1,4888.9,
288,33,MASCULINO,MEXICO,TERTIARY,ENGINEERING,,,4584.7,15.2
289,41,MASCULINO,,UNIVERSITARY,ENGINEERING,EJECUTIVO,4.1,4816.2,26.5
290,33,MASCULINO,ARGENTINA,UNIVERSITARY,COMMERCIAL,,3.7,4552.9,15
291,31,MASCULINO,ARGENTINA,UNIVERSITARY,ENGINEERING,EJECUTIVO,3.7,4650.8,10.8
292,34,MASCULINO,ARGENTINA,UNIVERSITARY,COMMERCIAL,PROGRAMACION,3.9,4705.6,16.8
293,33,MASCULINO,ARGENTINA,TERTIARY,ENGINEERING,,4.1,4811.8,14.4
294,43,MASCULINO,ARGENTINA,POST_GRADUATE,,DATA,,,
295,41,MASCULINO,ARGENTINA,UNIVERSITARY,DEVELOPMENT,PROGRAMACION,3.8,4693.1,
296,29,FEMENINO,ARGENTINA,TERTIARY,ENGINEERING,DATA,3.3,4355.6,8.6
297,28,FEMENINO,ARGENTINA,UNIVERSITARY,ENGINEERING,PROGRAMACION,4.1,4809.9,6.5
298,41,,ARGENTINA,UNIVERSITARY,,EJECUTIVO,3.3,4401.4,
299,,MASCULINO,ARGENTINA,UNIVERSITARY,DEVELOPMENT,EJECUTIVO,2.7,2875.8,16.5
300,47,FEMENINO,MEXICO,,DEVELOPMENT,,3.6,4662,29.2
301,27,FEMENINO,ARGENTINA,UNIVERSITARY,ENGINEERING,DATA,3.5,4686.7,5.9
302,37,FEMENINO,ARGENTINA,TERTIARY,ENGINEERING,PROGRAMACION,3.4,4463.1,20.9
303,37,MASCULINO,ARGENTINA,TERTIARY,COMMERCIAL,PROGRAMACION,2.9,,
304,27,MASCULINO,,,DEVELOPMENT,MARKETING,4,,
305,38,MASCULINO,ARGENTINA,POST_GRADUATE,COMMERCIAL,PROGRAMACION,2.8,3313.4,
306,32,,ARGENTINA,UNIVERSITARY,ENGINEERING,DATA,3.3,4519.8,12
307,36,MASCULINO,ARGENTINA,UNIVERSITARY,ENGINEERING,EJECUTIVO,3.9,4730.5,20.3
308,36,MASCULINO,BRAZIL,UNIVERSITARY,DEVELOPMENT,DATA,3.8,4640.8,
309,,MASCULINO,BRAZIL,TERTIARY,ENGINEERING,DATA,2.8,3173.6,29.1
310,25,MASCULINO,ARGENTINA,TERTIARY,COMMERCIAL,,2.4,1650.5,2.4
311,,MASCULINO,,TERTIARY,ENGINEERING,DATA,3.5,4524.6,26.7
312,42,,MEXICO,UNIVERSITARY,BUSINESS,PROGRAMACION,3.3,,28.2
313,30,FEMENINO,ARGENTINA,,,PROGRAMACION,3.4,4516.8,9.3
314,41,MASCULINO,ARGENTINA,POST_GRADUATE,ENGINEERING,DATA,,4634.4,25.1
315,,,ARGENTINA,,COMMERCIAL,PROGRAMACION,,4197.8,22.4
316,,MASCULINO,ARGENTINA,,DEVELOPMENT,PROGRAMACION,3.4,4587.4,10.7
317,37,FEMENINO,ARGENTINA,,ENGINEERING,DATA,3.9,4740.7,
318,29,MASCULINO,BRAZIL,,COMMERCIAL,DATA,3.5,4651.1,8.3
319,32,,MEXICO,TERTIARY,ENGINEERING,,4,4798.2,
320,37,FEMENINO,ARGENTINA,TERTIARY,ENGINEERING,,3.3,4343.1,20.3
321,30,MASCULINO,BRAZIL,UNIVERSITARY,ENGINEERING,PROGRAMACION,4.3,5085.1,9.9
322,38,MASCULINO,ARGENTINA,TERTIARY,,EJECUTIVO,3.6,4640,23
323,,FEMENINO,BRAZIL,UNIVERSITARY,DEVELOPMENT,PROGRAMACION,3.8,4674.4,28.3
324,33,MASCULINO,MEXICO,,ENGINEERING,DATA,4,4700.7,14.7
325,29,FEMENINO,BRAZIL,UNIVERSITARY,ENGINEERING,DATA,3.4,4502.9,8.9
326,27,FEMENINO,BRAZIL,TERTIARY,BUSINESS,DATA,3.8,4577.4,
327,32,MASCULINO,ARGENTINA,POST_GRADUATE,DEVELOPMENT,MARKETING,2.8,3265.7,14.3
328,35,MASCULINO,BRAZIL,TERTIARY,DEVELOPMENT,MARKETING,4.2,,
329,34,MASCULINO,ARGENTINA,UNIVERSITARY,,DATA,3.2,4357.1,16.1
330,29,FEMENINO,ARGENTINA,,ENGINEERING,DATA,3.5,4681.1,9.9
331,40,MASCULINO,ARGENTINA,UNIVERSITARY,COMMERCIAL,DATA,,4650.6,24.6
332,32,MASCULINO,BRAZIL,UNIVERSITARY,COMMERCIAL,DATA,3.7,,13.2
333,,MASCULINO,ARGENTINA,UNIVERSITARY,ENGINEERING,DATA,3.5,4648.4,
334,32,FEMENINO,ARGENTINA,UNIVERSITARY,DEVELOPMENT,PROGRAMACION,3.6,4679.1,
335,40,MASCULINO,ARGENTINA,UNIVERSITARY,DEVELOPMENT,PROGRAMACION,3.8,4671.2,24.7
336,36,FEMENINO,BRAZIL,UNIVERSITARY,DEVELOPMENT,DATA,,4454.9,
337,28,MASCULINO,MEXICO,UNIVERSITARY,DEVELOPMENT,DATA,3.7,4687.7,7.2
338,37,MASCULINO,ARGENTINA,TERTIARY,ENGINEERING,PROGRAMACION,,4353.5,21.1
339,34,MASCULINO,BRAZIL,UNIVERSITARY,ENGINEERING,EJECUTIVO,3.8,,15.9
340,31,FEMENINO,ARGENTINA,TERTIARY,COMMERCIAL,PROGRAMACION,3.1,4092.8,9.7
341,,MASCULINO,ARGENTINA,UNIVERSITARY,ENGINEERING,DATA,2.8,3256.8,1.6
342,45,FEMENINO,BRAZIL,UNIVERSITARY,ENGINEERING,PROGRAMACION,,,30.9
343,,MASCULINO,MEXICO,UNIVERSITARY,COMMERCIAL,MARKETING,,4281.9,14.4
344,37,MASCULINO,ARGENTINA,,COMMERCIAL,DATA,4.3,,20.1
345,,MASCULINO,ARGENTINA,UNIVERSITARY,ENGINEERING,MARKETING,,4588.8,18.1
346,34,MASCULINO,MEXICO,UNIVERSITARY,,PROGRAMACION,3.4,,15.8
347,39,,,UNIVERSITARY,ENGINEERING,PROGRAMACION,3.5,4599,22.7
348,38,MASCULINO,ARGENTINA,,,DATA,2.9,3551.2,22.7
349,36,MASCULINO,ARGENTINA,UNIVERSITARY,ENGINEERING,DATA,3.7,4712.9,18.4
350,,MASCULINO,,,ENGINEERING,PROGRAMACION,3.9,4674.4,14.1
351,42,MASCULINO,,UNIVERSITARY,ENGINEERING,,3.3,4431.5,
352,38,MASCULINO,ARGENTINA,TERTIARY,ENGINEERING,PROGRAMACION,3.6,4540,20.9
353,43,FEMENINO,ARGENTINA,UNIVERSITARY,DEVELOPMENT,,3.6,,28.9
354,27,FEMENINO,ARGENTINA,UNIVERSITARY,COMMERCIAL,,3.4,4551.5,6.6
355,,MASCULINO,BRAZIL,,ENGINEERING,,3.8,,14.4
356,30,MASCULINO,ARGENTINA,,MARKETING,PROGRAMACION,3.3,4358,9.5
357,38,MASCULINO,MEXICO,UNIVERSITARY,ENGINEERING,MARKETING,3.3,4377.6,22.5
358,36,MASCULINO,ARGENTINA,UNIVERSITARY,,PROGRAMACION,4.2,4843.5,20.5
359,32,MASCULINO,ARGENTINA,UNIVERSITARY,MARKETING,PROGRAMACION,3.7,4601.8,13.1
360,33,FEMENINO,ARGENTINA,UNIVERSITARY,ENGINEERING,,3.4,4638.5,13.6
361,,MASCULINO,ARGENTINA,UNIVERSITARY,ENGINEERING,PROGRAMACION,3.4,4631.7,18.8
362,29,FEMENINO,ARGENTINA,UNIVERSITARY,ENGINEERING,DATA,2.8,3184.8,10
363,39,MASCULINO,ARGENTINA,TERTIARY,COMMERCIAL,PROGRAMACION,,4523.4,25.3
364,33,MASCULINO,ARGENTINA,UNIVERSITARY,COMMERCIAL,PROGRAMACION,3.3,4496.2,15.5
365,45,MASCULINO,BRAZIL,TERTIARY,ENGINEERING,PROGRAMACION,3.2,4243.1,29.4
366,34,,ARGENTINA,UNIVERSITARY,ENGINEERING,PROGRAMACION,3.7,4579.2,17
367,31,MASCULINO,MEXICO,UNIVERSITARY,COMMERCIAL,MARKETING,3.1,4075.8,11.6
368,34,,ARGENTINA,POST_GRADUATE,COMMERCIAL,DATA,3.6,4567.6,17.9
369,37,FEMENINO,BRAZIL,,,DATA,3.9,4776.2,21.6
370,32,,ARGENTINA,UNIVERSITARY,ENGINEERING,DATA,2.9,3540.9,12.8
371,42,MASCULINO,ARGENTINA,POST_GRADUATE,DEVELOPMENT,DATA,4,4779.6,27.6
372,,,,POST_GRADUATE,DEVELOPMENT,PROGRAMACION,3.7,4720.6,
373,37,MASCULINO,ARGENTINA,UNIVERSITARY,DEVELOPMENT,DATA,3.1,4053.2,
374,32,MASCULINO,MEXICO,UNIVERSITARY,DEVELOPMENT,DATA,3.9,,13.7
375,39,,MEXICO,TERTIARY,ENGINEERING,PROGRAMACION,3.1,4039.4,24.3
376,31,,ARGENTINA,UNIVERSITARY,ENGINEERING,PROGRAMACION,3.5,4660.1,
377,35,FEMENINO,ARGENTINA,UNIVERSITARY,DEVELOPMENT,,3.4,4552.6,18.1
378,41,MASCULINO,MEXICO,UNIVERSITARY,ENGINEERING,,4.1,4697.4,24.9
379,30,MASCULINO,ARGENTINA,,COMMERCIAL,MARKETING,,4688.3,10.1
380,27,MASCULINO,BRAZIL,TERTIARY,,MARKETING,3.1,4038.8,5.2
381,44,MASCULINO,BRAZIL,,ENGINEERING,PROGRAMACION,3.6,4643.9,29
382,36,MASCULINO,ARGENTINA,UNIVERSITARY,DEVELOPMENT,DATA,3.8,4620.9,19.1
383,35,MASCULINO,,UNIVERSITARY,COMMERCIAL,,3.1,4176.5,19.4
384,36,MASCULINO,BRAZIL,UNIVERSITARY,DEVELOPMENT,PROGRAMACION,2.6,2539.3,19.6
385,35,,MEXICO,POST_GRADUATE,,EJECUTIVO,3.7,4657.5,17.9
386,35,MASCULINO,MEXICO,,COMMERCIAL,EJECUTIVO,3.1,4168.6,18.8
387,36,,BRAZIL,UNIVERSITARY,,,4.4,5298.1,20.6
388,42,MASCULINO,ARGENTINA,UNIVERSITARY,ENGINEERING,DATA,3.2,4389.4,28.1
389,31,,BRAZIL,UNIVERSITARY,COMMERCIAL,PROGRAMACION,3.3,4491.8,10
390,39,FEMENINO,ARGENTINA,UNIVERSITARY,COMMERCIAL,PROGRAMACION,,4681.5,23.9
391,39,MASCULINO,BRAZIL,UNIVERSITARY,DEVELOPMENT,MARKETING,3.5,4631.9,23.6
392,34,MASCULINO,ARGENTINA,TERTIARY,ENGINEERING,DATA,,4703.5,16
393,39,,MEXICO,POST_GRADUATE,ENGINEERING,,3.4,4458.4,24
394,36,FEMENINO,MEXICO,TERTIARY,COMMERCIAL,PROGRAMACION,4.1,4854.7,19.6
395,,FEMENINO,ARGENTINA,UNIVERSITARY,ENGINEERING,DATA,3.2,,24.5
396,30,MASCULINO,,UNIVERSITARY,DEVELOPMENT,PROGRAMACION,3.7,4591.3,8.4
397,34,MASCULINO,BRAZIL,POST_GRADUATE,ENGINEERING,,,4628.4,
398,,,ARGENTINA,POST_GRADUATE,,PROGRAMACION,3.1,,17.5
399,45,FEMENINO,,UNIVERSITARY,ENGINEERING,DATA,3.2,4255,29.6
400,32,,BRAZIL,,COMMERCIAL,DATA,4.6,6002.8,13.9
401,29,FEMENINO,ARGENTINA,UNIVERSITARY,ENGINEERING,MARKETING,2.8,3170,8.7
402,37,,ARGENTINA,UNIVERSITARY,BUSINESS,DATA,4.3,,21.6
403,43,,,UNIVERSITARY,ENGINEERING,DATA,,,28.6
404,35,FEMENINO,ARGENTINA,POST_GRADUATE,ENGINEERING,DATA,4,4715.1,17.4
405,43,MASCULINO,ARGENTINA,POST_GRADUATE,ENGINEERING,DATA,3.6,4544.7,28.7
406,33,FEMENINO,BRAZIL,UNIVERSITARY,ENGINEERING,MARKETING,3.5,4705.7,16.2
407,,FEMENINO,MEXICO,UNIVERSITARY,ENGINEERING,PROGRAMACION,4.4,5431.3,17.2
408,,MASCULINO,BRAZIL,TERTIARY,ENGINEERING,MARKETING,,4548.2,12.3
409,35,,ARGENTINA,TERTIARY,COMMERCIAL,DATA,3.5,4636.8,17.5
410,36,MASCULINO,ARGENTINA,,,PROGRAMACION,3.7,,19.8
411,31,FEMENINO,MEXICO,UNIVERSITARY,,DATA,,4603.2,13.1
412,,FEMENINO,MEXICO,TERTIARY,BUSINESS,,3.5,4640.7,25.4
413,39,FEMENINO,ARGENTINA,TERTIARY,COMMERCIAL,DATA,3,3969.1,24
414,,MASCULINO,BRAZIL,UNIVERSITARY,COMMERCIAL,,3.6,,10.5
415,44,MASCULINO,,UNIVERSITARY,DEVELOPMENT,PROGRAMACION,3.7,4567.5,29.1
416,40,MASCULINO,ARGENTINA,,,PROGRAMACION,,4490.9,24.2
417,,FEMENINO,BRAZIL,UNIVERSITARY,DEVELOPMENT,EJECUTIVO,3,3762.7,19.1
418,28,MASCULINO,ARGENTINA,UNIVERSITARY,MARKETING,DATA,3.1,4068.8,7.2
419,31,MASCULINO,MEXICO,TERTIARY,COMMERCIAL,DATA,3.2,4358.6,11.2
420,32,MASCULINO,ARGENTINA,UNIVERSITARY,COMMERCIAL,DATA,,4286.6,12.6
421,40,MASCULINO,ARGENTINA,,ENGINEERING,,4.3,5202.4,24.8
422,30,MASCULINO,ARGENTINA,UNIVERSITARY,,DATA,3.1,4091.8,11.1
423,40,,ARGENTINA,TERTIARY,ENGINEERING,PROGRAMACION,2.9,,25.6
424,28,MASCULINO,ARGENTINA,UNIVERSITARY,ENGINEERING,PROGRAMACION,,4662.8,5.5
425,40,MASCULINO,BRAZIL,UNIVERSITARY,DEVELOPMENT,MARKETING,,4042,24.2
426,42,MASCULINO,ARGENTINA,UNIVERSITARY,COMMERCIAL,EJECUTIVO,4,4748.9,26.8
427,36,,BRAZIL,UNIVERSITARY,DEVELOPMENT,DATA,,4616.5,19.3
428,36,,,UNIVERSITARY,COMMERCIAL,,3.8,4677.6,18.2
429,33,MASCULINO,BRAZIL,TERTIARY,,,3.4,,
430,29,,ARGENTINA,UNIVERSITARY,,DATA,3.7,4593.4,9
431,36,MASCULINO,,POST_GRADUATE,COMMERCIAL,PROGRAMACION,3.3,4474.2,18.9
432,29,MASCULINO,BRAZIL,TERTIARY,ENGINEERING,EJECUTIVO,4.3,5207.4,7.6
433,36,MASCULINO,ARGENTINA,UNIVERSITARY,COMMERCIAL,DATA,3.6,4725.2,18.6
434,,MASCULINO,ARGENTINA,UNIVERSITARY,ENGINEERING,DATA,,4727.5,5.1
435,35,MASCULINO,ARGENTINA,UNIVERSITARY,DEVELOPMENT,PROGRAMACION,,4644.8,18.1
436,37,MASCULINO,ARGENTINA,UNIVERSITARY,ENGINEERING,PROGRAMACION,3.1,4156.4,22.2
437,30,MASCULINO,,POST_GRADUATE,BUSINESS,,2.7,2968.8,
438,34,MASCULINO,,TERTIARY,DEVELOPMENT,DATA,,4497.6,17.7
439,25,MASCULINO,ARGENTINA,UNIVERSITARY,ENGINEERING,DATA,3.3,4428.7,3.9
440,36,FEMENINO,ARGENTINA,UNIVERSITARY,COMMERCIAL,PROGRAMACION,4,,20.7
441,44,,ARGENTINA,,DEVELOPMENT,PROGRAMACION,3.5,4605.3,29.4
442,41,MASCULINO,ARGENTINA,UNIVERSITARY,ENGINEERING,DATA,3.4,4455.5,27.4
443,34,MASCULINO,ARGENTINA,UNIVERSITARY,BUSINESS,PROGRAMACION,4.2,4894.3,16.1
444,29,,ARGENTINA,UNIVERSITARY,COMMERCIAL,DATA,3.7,4554.5,8
445,,MASCULINO,MEXICO,TERTIARY,COMMERCIAL,DATA,3.8,4638.5,19.6
446,35,,BRAZIL,TERTIARY,DEVELOPMENT,DATA,3.2,,16.5
447,25,MASCULINO,,TERTIARY,DEVELOPMENT,PROGRAMACION,4,4820.3,1.7
448,35,,ARGENTINA,UNIVERSITARY,COMMERCIAL,DATA,2.9,,17.6
449,30,FEMENINO,ARGENTINA,UNIVERSITARY,,DATA,2.9,3579.7,10.5
450,33,MASCULINO,ARGENTINA,UNIVERSITARY,ENGINEERING,PROGRAMACION,3.2,,15.1
451,36,FEMENINO,,TERTIARY,DEVELOPMENT,,3.4,4539.1,19.3
452,,MASCULINO,ARGENTINA,UNIVERSITARY,,DATA,3.6,4643.6,15.9
453,39,,ARGENTINA,UNIVERSITARY,ENGINEERING,,3.4,4446.2,24.1
454,38,,MEXICO,UNIVERSITARY,ENGINEERING,,3.8,4582.2,
455,33,FEMENINO,,,ENGINEERING,PROGRAMACION,3.5,4668.3,13.5
456,31,FEMENINO,ARGENTINA,UNIVERSITARY,ENGINEERING,PROGRAMACION,3.2,,12.3
457,33,FEMENINO,,UNIVERSITARY,ENGINEERING,DATA,3.7,4741.8,15.7
458,28,FEMENINO,,UNIVERSITARY,DEVELOPMENT,PROGRAMACION,3.4,4624.3,7.2
459,46,MASCULINO,ARGENTINA,UNIVERSITARY,BUSINESS,,3.7,,
460,36,MASCULINO,ARGENTINA,UNIVERSITARY,ENGINEERING,PROGRAMACION,4.3,5036.6,20.7
461,33,FEMENINO,MEXICO,POST_GRADUATE,ENGINEERING,DATA,3.9,4772.2,15
462,35,MASCULINO,ARGENTINA,TERTIARY,ENGINEERING,PROGRAMACION,4,4754.4,16.9
463,29,,BRAZIL,TERTIARY,COMMERCIAL,PROGRAMACION,3.9,4685.3,
464,32,MASCULINO,ARGENTINA,UNIVERSITARY,COMMERCIAL,DATA,4,4779.9,12.8
465,32,FEMENINO,BRAZIL,UNIVERSITARY,ENGINEERING,PROGRAMACION,3.4,,
466,,MASCULINO,ARGENTINA,TERTIARY,ENGINEERING,DATA,3.3,4347.8,
467,32,MASCULINO,ARGENTINA,POST_GRADUATE,ENGINEERING,EJECUTIVO,,2477.1,
468,29,MASCULINO,BRAZIL,,ENGINEERING,PROGRAMACION,3.5,4623.9,8.3
469,36,MASCULINO,ARGENTINA,POST_GRADUATE,ENGINEERING,PROGRAMACION,3.6,4621.8,20.3
470,34,MASCULINO,ARGENTINA,TERTIARY,ENGINEERING,PROGRAMACION,3.1,4200.8,
471,36,MASCULINO,BRAZIL,POST_GRADUATE,ENGINEERING,PROGRAMACION,3.3,4408.6,18.9
472,37,MASCULINO,ARGENTINA,UNIVERSITARY,ENGINEERING,PROGRAMACION,,4664.1,21.1
473,30,MASCULINO,ARGENTINA,UNIVERSITARY,ENGINEERING,PROGRAMACION,,4046.3,11.4
474,31,MASCULINO,ARGENTINA,UNIVERSITARY,,MARKETING,4,4627.8,11.2
475,32,FEMENINO,ARGENTINA,TERTIARY,ENGINEERING,DATA,3.7,,13.3
476,41,FEMENINO,,TERTIARY,ENGINEERING,DATA,4.1,4882.7,26
477,42,MASCULINO,MEXICO,UNIVERSITARY,ENGINEERING,EJECUTIVO,3.2,4300,26.1
478,43,,BRAZIL,POST_GRADUATE,ENGINEERING,PROGRAMACION,4.2,4952.2,28.3
479,34,MASCULINO,ARGENTINA,TERTIARY,,,3.3,4525.5,
480,22,MASCULINO,,UNIVERSITARY,,,4,4624.3,0.9
481,35,MASCULINO,ARGENTINA,UNIVERSITARY,ENGINEERING,,2.5,2176.3,16.9
482,34,,ARGENTINA,UNIVERSITARY,COMMERCIAL,EJECUTIVO,3.1,4201.4,15.9
483,35,FEMENINO,ARGENTINA,,ENGINEERING,PROGRAMACION,4.1,4854.4,16.3
484,26,FEMENINO,ARGENTINA,TERTIARY,COMMERCIAL,DATA,3.3,4508.3,2.5
485,45,,MEXICO,TERTIARY,DEVELOPMENT,DATA,3.7,4646.5,29.7
486,30,FEMENINO,,UNIVERSITARY,BUSINESS,PROGRAMACION,3.6,4570.1,9.8
487,40,MASCULINO,ARGENTINA,UNIVERSITARY,ENGINEERING,DATA,3.2,4343.2,24
488,30,,ARGENTINA,UNIVERSITARY,,,3.1,4045.4,9
489,36,MASCULINO,ARGENTINA,UNIVERSITARY,COMMERCIAL,,4,4645.9,
490,41,MASCULINO,ARGENTINA,,ENGINEERING,,,4612.1,26.8
491,44,MASCULINO,ARGENTINA,TERTIARY,COMMERCIAL,,3.4,4548,27.3
492,25,,ARGENTINA,TERTIARY,ENGINEERING,DATA,3.4,4523.3,2.6
493,23,MASCULINO,ARGENTINA,UNIVERSITARY,ENGINEERING,PROGRAMACION,4,4718.5,
494,,,ARGENTINA,TERTIARY,ENGINEERING,PROGRAMACION,3.5,4591.8,
495,,FEMENINO,BRAZIL,,,,3.7,4665.8,3.2
496,43,MASCULINO,ARGENTINA,UNIVERSITARY,,DATA,3.3,,29.2
497,39,MASCULINO,,TERTIARY,DEVELOPMENT,PROGRAMACION,3.1,4058.9,24.7
498,40,FEMENINO,BRAZIL,POST_GRADUATE,DEVELOPMENT,DATA,3.6,4694.8,
499,25,FEMENINO,MEXICO,,COMMERCIAL,MARKETING,3.8,,4.3
500,31,MASCULINO,ARGENTINA,TERTIARY,,PROGRAMACION,3.5,,9.8
501,40,MASCULINO,ARGENTINA,,,EJECUTIVO,3.2,4222.6,23.9
502,37,MASCULINO,ARGENTINA,UNIVERSITARY,ENGINEERING,DATA,3.1,4195.4,20
503,33,MASCULINO,,UNIVERSITARY,DEVELOPMENT,EJECUTIVO,3.5,4657.9,13.8
504,42,,ARGENTINA,UNIVERSITARY,ENGINEERING,EJECUTIVO,3.3,4462.1,26.8
505,38,MASCULINO,ARGENTINA,TERTIARY,COMMERCIAL,DATA,3.6,,23.5
506,31,FEMENINO,ARGENTINA,TERTIARY,COMMERCIAL,PROGRAMACION,3.1,4083.6,11.7
507,23,FEMENINO,,UNIVERSITARY,COMMERCIAL,DATA,3.6,4644.3,0.3
508,29,,MEXICO,TERTIARY,ENGINEERING,DATA,3.1,4040.9,9.3
509,30,MASCULINO,ARGENTINA,TERTIARY,COMMERCIAL,PROGRAMACION,3.1,,8.9
510,31,MASCULINO,MEXICO,UNIVERSITARY,ENGINEERING,DATA,2.8,3311.8,10.2
511,36,MASCULINO,MEXICO,UNIVERSITARY,,DATA,4.1,4811.8,21
512,27,FEMENINO,ARGENTINA,TERTIARY,ENGINEERING,DATA,,4531.7,
513,29,MASCULINO,,,,PROGRAMACION,,4638.9,9
514,40,MASCULINO,MEXICO,UNIVERSITARY,DEVELOPMENT,EJECUTIVO,3,3882.6,24.8
515,39,MASCULINO,ARGENTINA,TERTIARY,DEVELOPMENT,DATA,3.2,,25.3
516,26,FEMENINO,ARGENTINA,,ENGINEERING,,3.9,4736.3,3.8
517,33,,,UNIVERSITARY,,DATA,3.7,,15.7
518,32,MASCULINO,ARGENTINA,,ENGINEERING,EJECUTIVO,,,13.5
519,32,,ARGENTINA,,ENGINEERING,PROGRAMACION,3.5,4628.2,14.3
520,26,MASCULINO,ARGENTINA,,DEVELOPMENT,PROGRAMACION,3.1,4032.7,4.6
521,30,MASCULINO,ARGENTINA,TERTIARY,DEVELOPMENT,DATA,,4624.6,10.1
522,36,MASCULINO,ARGENTINA,,DEVELOPMENT,PROGRAMACION,4.1,4718.7,
523,34,MASCULINO,BRAZIL,UNIVERSITARY,DEVELOPMENT,PROGRAMACION,,4723.1,17.1
524,31,FEMENINO,,UNIVERSITARY,BUSINESS,DATA,3.7,4685.5,12
525,33,MASCULINO,ARGENTINA,POST_GRADUATE,ENGINEERING,DATA,3.5,4582.1,13.4
526,33,FEMENINO,BRAZIL,UNIVERSITARY,COMMERCIAL,DATA,3.9,4744,15.4
527,41,MASCULINO,MEXICO,UNIVERSITARY,,DATA,3.5,4588.6,25.4
528,44,MASCULINO,ARGENTINA,UNIVERSITARY,ENGINEERING,DATA,3.6,4542,29.4
529,33,MASCULINO,BRAZIL,,ENGINEERING,DATA,3,3885.2,14.8
530,,FEMENINO,ARGENTINA,,ENGINEERING,DATA,3.8,4665.9,12
531,42,FEMENINO,,TERTIARY,,PROGRAMACION,3.8,4704.5,27.7
532,30,MASCULINO,ARGENTINA,UNIVERSITARY,DEVELOPMENT,MARKETING,4.5,5605.5,10.9
533,30,FEMENINO,ARGENTINA,POST_GRADUATE,BUSINESS,PROGRAMACION,3.6,4715,10.8
534,36,MASCULINO,BRAZIL,UNIVERSITARY,DEVELOPMENT,PROGRAMACION,3,3808,17.8
535,25,MASCULINO,ARGENTINA,POST_GRADUATE,ENGINEERING,DATA,4,4812.4,4.6
536,34,MASCULINO,ARGENTINA,UNIVERSITARY,DEVELOPMENT,DATA,4,4736.4,15.1
537,30,MASCULINO,BRAZIL,POST_GRADUATE,ENGINEERING,PROGRAMACION,2.9,,10.6
538,37,FEMENINO,BRAZIL,UNIVERSITARY,,,3.4,4552.9,20.3
539,38,FEMENINO,ARGENTINA,TERTIARY,ENGINEERING,EJECUTIVO,3.2,4264,23.5
540,,FEMENINO,,,MARKETING,PROGRAMACION,3.3,4495.2,8.1
541,32,,BRAZIL,UNIVERSITARY,,MARKETING,3.3,4393.3,14.7
542,37,FEMENINO,MEXICO,UNIVERSITARY,COMMERCIAL,PROGRAMACION,4.2,4868.6,21.5
543,42,MASCULINO,,TERTIARY,,,3.5,4541.4,26.9
544,31,MASCULINO,MEXICO,UNIVERSITARY,DEVELOPMENT,DATA,,,11.5
545,26,MASCULINO,ARGENTINA,UNIVERSITARY,ENGINEERING,DATA,,4764.5,4.4
546,37,MASCULINO,ARGENTINA,TERTIARY,ENGINEERING,,3.8,,
547,37,,MEXICO,UNIVERSITARY,ENGINEERING,DATA,3.8,4569.3,20.8
548,25,MASCULINO,ARGENTINA,UNIVERSITARY,ENGINEERING,,4.1,4717.7,2.8
549,,MASCULINO,MEXICO,UNIVERSITARY,COMMERCIAL,EJECUTIVO,3.5,4662.2,22.9
550,33,,ARGENTINA,UNIVERSITARY,MARKETING,DATA,4.7,6384.5,15.9
551,,MASCULINO,ARGENTINA,UNIVERSITARY,ENGINEERING,PROGRAMACION,4,4670.8,5.3
552,,FEMENINO,BRAZIL,POST_GRADUATE,COMMERCIAL,DATA,3.6,4554.9,
553,45,MASCULINO,ARGENTINA,UNIVERSITARY,ENGINEERING,,3.5,,30.7
554,39,MASCULINO,,,DEVELOPMENT,PROGRAMACION,2.9,,23.7
555,35,,ARGENTINA,,ENGINEERING,DATA,3.4,4604.5,17
556,36,MASCULINO,ARGENTINA,UNIVERSITARY,COMMERCIAL,PROGRAMACION,,4385.1,
557,31,FEMENINO,ARGENTINA,UNIVERSITARY,DEVELOPMENT,EJECUTIVO,,4685.6,12.1
558,31,FEMENINO,ARGENTINA,UNIVERSITARY,DEVELOPMENT,DATA,3.9,4587.3,11.8
559,33,MASCULINO,ARGENTINA,UNIVERSITARY,COMMERCIAL,DATA,3.2,4256.5,
560,37,MASCULINO,MEXICO,,ENGINEERING,DATA,,4019.1,21.9
561,38,FEMENINO,ARGENTINA,UNIVERSITARY,ENGINEERING,PROGRAMACION,4.1,4744.5,22.7
562,,FEMENINO,ARGENTINA,POST_GRADUATE,COMMERCIAL,PROGRAMACION,,,12.4
563,,MASCULINO,ARGENTINA,UNIVERSITARY,DEVELOPMENT,DATA,3.4,4507,26
564,,FEMENINO,,UNIVERSITARY,ENGINEERING,PROGRAMACION,4.1,4721.6,4.3
565,33,MASCULINO,ARGENTINA,POST_GRADUATE,ENGINEERING,DATA,4.2,5020.2,14.5
566,47,FEMENINO,BRAZIL,UNIVERSITARY,,PROGRAMACION,3.1,4109.7,28.8
567,41,FEMENINO,BRAZIL,UNIVERSITARY,MARKETING,DATA,3.9,4731.6,25.8
568,37,,,TERTIARY,DEVELOPMENT,DATA,3.7,4568.3,20.3
569,34,,,UNIVERSITARY,COMMERCIAL,PROGRAMACION,3.6,4655,16.3
570,35,MASCULINO,MEXICO,UNIVERSITARY,ENGINEERING,,4.4,,
571,32,MASCULINO,,,ENGINEERING,PROGRAMACION,3,3854.9,
572,,MASCULINO,ARGENTINA,TERTIARY,,MARKETING,,4812.8,17.3
573,33,MASCULINO,,UNIVERSITARY,,MARKETING,3.9,4674.4,13.2
574,37,MASCULINO,,UNIVERSITARY,DEVELOPMENT,DATA,4.3,5079.4,20.2
575,38,,BRAZIL,UNIVERSITARY,ENGINEERING,PROGRAMACION,3.3,4466.7,23.6
576,,MASCULINO,ARGENTINA,TERTIARY,DEVELOPMENT,,,,
577,38,MASCULINO,ARGENTINA,UNIVERSITARY,DEVELOPMENT,,3,3847.6,22.1
578,31,FEMENINO,ARGENTINA,TERTIARY,,PROGRAMACION,,4562.1,11.6
579,34,MASCULINO,ARGENTINA,UNIVERSITARY,ENGINEERING,,3.9,4697.5,15.3
580,29,MASCULINO,ARGENTINA,TERTIARY,DEVELOPMENT,PROGRAMACION,3.6,4650.6,9
581,,FEMENINO,,UNIVERSITARY,,PROGRAMACION,3.9,4746.2,21
582,30,MASCULINO,BRAZIL,TERTIARY,COMMERCIAL,DATA,,4568.4,10.1
583,41,MASCULINO,ARGENTINA,POST_GRADUATE,MARKETING,DATA,3.3,4421.4,25.1
584,35,,,UNIVERSITARY,DEVELOPMENT,DATA,3.4,4460,17.8
585,32,MASCULINO,ARGENTINA,UNIVERSITARY,,PROGRAMACION,3.3,4430.5,14.2
586,32,FEMENINO,BRAZIL,UNIVERSITARY,ENGINEERING,,3.1,4085.7,13.3
587,,MASCULINO,BRAZIL,UNIVERSITARY,COMMERCIAL,DATA,3.3,4390.5,18.6
588,28,MASCULINO,,TERTIARY,DEVELOPMENT,DATA,3,,
589,32,MASCULINO,ARGENTINA,,ENGINEERING,PROGRAMACION,3,3849.7,
590,35,MASCULINO,,UNIVERSITARY,ENGINEERING,,,4504.8,18.9
591,,MASCULINO,BRAZIL,UNIVERSITARY,ENGINEERING,DATA,3.3,4491.9,6.5
592,35,MASCULINO,,TERTIARY,,PROGRAMACION,3.4,4444,18.9
593,35,FEMENINO,,UNIVERSITARY,,EJECUTIVO,3.1,,16.6
594,32,MASCULINO,,UNIVERSITARY,,PROGRAMACION,3.3,4423.2,
595,,FEMENINO,ARGENTINA,POST_GRADUATE,,DATA,3.5,4592.5,8.7
596,23,,,,,PROGRAMACION,3,,2.2
597,38,FEMENINO,ARGENTINA,TERTIARY,ENGINEERING,DATA,,4587.9,23.7
598,33,MASCULINO,ARGENTINA,UNIVERSITARY,COMMERCIAL,DATA,,,16.2
599,34,MASCULINO,ARGENTINA,UNIVERSITARY,COMMERCIAL,PROGRAMACION,3.7,4603.7,
600,33,FEMENINO,BRAZIL,TERTIARY,DEVELOPMENT,DATA,4,4787,15.6
601,30,MASCULINO,,UNIVERSITARY,,PROGRAMACION,,4245.9,
602,40,,BRAZIL,POST_GRADUATE,ENGINEERING,PROGRAMACION,3.1,4051.5,24.9
603,41,MASCULINO,ARGENTINA,POST_GRADUATE,,PROGRAMACION,,4174.4,
604,,,ARGENTINA,UNIVERSITARY,COMMERCIAL,EJECUTIVO,,4756.7,29.1
605,27,,MEXICO,TERTIARY,COMMERCIAL,,3.5,4691,6
606,40,,MEXICO,TERTIARY,ENGINEERING,PROGRAMACION,3.5,,25.9
607,36,MASCULINO,ARGENTINA,UNIVERSITARY,COMMERCIAL,EJECUTIVO,3.1,4148.1,
608,33,,ARGENTINA,POST_GRADUATE,DEVELOPMENT,DATA,3.9,4701.1,15.8
609,40,MASCULINO,ARGENTINA,UNIVERSITARY,ENGINEERING,DATA,3.6,,24.7
610,,FEMENINO,MEXICO,UNIVERSITARY,,PROGRAMACION,3.6,4659,27.4
611,30,MASCULINO,ARGENTINA,UNIVERSITARY,COMMERCIAL,PROGRAMACION,4.1,4734.8,10.4
612,44,MASCULINO,BRAZIL,POST_GRADUATE,DEVELOPMENT,DATA,,4695.8,
613,36,MASCULINO,ARGENTINA,TERTIARY,,PROGRAMACION,3.8,4660.4,18.4
614,33,FEMENINO,ARGENTINA,UNIVERSITARY,,DATA,,4710.9,15.1
615,33,MASCULINO,ARGENTINA,UNIVERSITARY,COMMERCIAL,,,4431.7,15.3
616,32,FEMENINO,BRAZIL,UNIVERSITARY,ENGINEERING,,,4583.8,13.3
617,39,,ARGENTINA,UNIVERSITARY,,,3,,23.1
618,,FEMENINO,,,,PROGRAMACION,,4547.4,
619,32,FEMENINO,BRAZIL,POST_GRADUATE,,,3.2,4342.2,13.4
620,33,MASCULINO,,UNIVERSITARY,ENGINEERING,DATA,3.4,4547.1,13.9
621,,,,UNIVERSITARY,DEVELOPMENT,DATA,3.3,4485.1,12.6
622,25,MASCULINO,,UNIVERSITARY,DEVELOPMENT,DATA,3.8,4675.6,3.2
623,29,,ARGENTINA,TERTIARY,COMMERCIAL,DATA,3.8,,7.5
624,,MASCULINO,,TERTIARY,ENGINEERING,,3.3,,15.5
625,31,MASCULINO,ARGENTINA,TERTIARY,ENGINEERING,PROGRAMACION,3.5,4615,10.5
626,37,MASCULINO,MEXICO,UNIVERSITARY,COMMERCIAL,PROGRAMACION,3.7,4661.2,20.4
627,33,MASCULINO,BRAZIL,UNIVERSITARY,DEVELOPMENT,PROGRAMACION,3.1,4126,14.5
628,34,MASCULINO,ARGENTINA,,ENGINEERING,PROGRAMACION,3.5,4678.3,
629,36,MASCULINO,ARGENTINA,TERTIARY,DEVELOPMENT,,,,
630,35,FEMENINO,ARGENTINA,UNIVERSITARY,ENGINEERING,DATA,3.5,,17.1
631,39,MASCULINO,ARGENTINA,,COMMERCIAL,PROGRAMACION,3.1,4188.2,22.9
632,,MASCULINO,ARGENTINA,POST_GRADUATE,ENGINEERING,PROGRAMACION,3.8,4713.5,23.9
633,,MASCULINO,ARGENTINA,,ENGINEERING,,2.8,3212.5,0.3
634,32,FEMENINO,ARGENTINA,,ENGINEERING,DATA,3.1,4076.3,13.8
635,30,FEMENINO,ARGENTINA,POST_GRADUATE,DEVELOPMENT,PROGRAMACION,3.7,4629.7,10.1
636,33,MASCULINO,MEXICO,UNIVERSITARY,DEVELOPMENT,DATA,,4471,
637,35,MASCULINO,,TERTIARY,DEVELOPMENT,,2.9,3608.9,17.3
638,38,FEMENINO,ARGENTINA,UNIVERSITARY,COMMERCIAL,DATA,3.6,4631.7,24.2
639,40,FEMENINO,ARGENTINA,UNIVERSITARY,COMMERCIAL,DATA,3.8,4564.5,
640,40,MASCULINO,ARGENTINA,UNIVERSITARY,ENGINEERING,PROGRAMACION,3.5,4540.8,
641,,MASCULINO,ARGENTINA,UNIVERSITARY,DEVELOPMENT,DATA,3,3925.8,7.3
642,33,FEMENINO,ARGENTINA,UNIVERSITARY,ENGINEERING,,3.1,4087.8,14.3
643,36,FEMENINO,MEXICO,UNIVERSITARY,ENGINEERING,PROGRAMACION,3.5,4518.9,
644,33,MASCULINO,BRAZIL,TERTIARY,COMMERCIAL,PROGRAMACION,3.5,4597.6,
645,34,MASCULINO,ARGENTINA,UNIVERSITARY,,DATA,3.4,4448.4,15.7
646,43,MASCULINO,ARGENTINA,POST_GRADUATE,DEVELOPMENT,EJECUTIVO,,4493.8,29
647,37,MASCULINO,ARGENTINA,UNIVERSITARY,ENGINEERING,,,4689.1,20.4
648,40,MASCULINO,ARGENTINA,TERTIARY,ENGINEERING,PROGRAMACION,3.7,,
649,35,MASCULINO,ARGENTINA,,ENGINEERING,MARKETING,3.7,,16.3
650,,MASCULINO,BRAZIL,UNIVERSITARY,ENGINEERING,,,4583.7,22.2
651,31,MASCULINO,ARGENTINA,TERTIARY,ENGINEERING,EJECUTIVO,3.2,4342.4,
652,46,MASCULINO,BRAZIL,,DEVELOPMENT,DATA,2.8,3200.3,29.6
653,35,MASCULINO,ARGENTINA,POST_GRADUATE,ENGINEERING,DATA,,4656.5,19.2
654,,MASCULINO,ARGENTINA,UNIVERSITARY,ENGINEERING,,3.3,4349.7,20
655,,MASCULINO,ARGENTINA,UNIVERSITARY,DEVELOPMENT,DATA,3.3,4549,23.9
656,37,FEMENINO,ARGENTINA,UNIVERSITARY,BUSINESS,DATA,3.7,4651.5,21.4
657,41,FEMENINO,ARGENTINA,UNIVERSITARY,COMMERCIAL,PROGRAMACION,3.8,4743.6,
658,32,MASCULINO,MEXICO,,ENGINEERING,MARKETING,3.6,4578.5,13.6
659,30,,ARGENTINA,UNIVERSITARY,,PROGRAMACION,,2946.3,10
660,38,FEMENINO,,,ENGINEERING,PROGRAMACION,3.4,4575.6,24.1
661,,FEMENINO,ARGENTINA,TERTIARY,DEVELOPMENT,PROGRAMACION,3.6,4612.2,23
662,32,,,TERTIARY,ENGINEERING,DATA,3.1,,13.1
663,,FEMENINO,BRAZIL,TERTIARY,COMMERCIAL,EJECUTIVO,3.4,4535.5,
664,37,MASCULINO,MEXICO,TERTIARY,ENGINEERING,PROGRAMACION,4,4670.9,20.9
665,37,MASCULINO,ARGENTINA,TERTIARY,,DATA,4.1,4839.2,21.1
666,30,MASCULINO,ARGENTINA,POST_GRADUATE,,MARKETING,3.8,4646.6,9.5
667,30,FEMENINO,,,DEVELOPMENT,DATA,4,4711.2,10.1
668,39,MASCULINO,BRAZIL,UNIVERSITARY,ENGINEERING,,3.3,4413.9,25.6
669,37,MASCULINO,BRAZIL,,ENGINEERING,,4.4,5396.6,20.6
670,29,,MEXICO,,COMMERCIAL,PROGRAMACION,,4266.7,10.3
671,33,FEMENINO,BRAZIL,POST_GRADUATE,ENGINEERING,PROGRAMACION,3.4,4602,14.7
672,39,MASCULINO,ARGENTINA,UNIVERSITARY,MARKETING,DATA,3.8,,22.1
673,27,MASCULINO,MEXICO,,,DATA,3.5,4643.6,5.4
674,31,MASCULINO,ARGENTINA,,ENGINEERING,EJECUTIVO,3,3882.8,
675,38,FEMENINO,ARGENTINA,UNIVERSITARY,ENGINEERING,PROGRAMACION,3.7,4666.3,
676,29,FEMENINO,ARGENTINA,UNIVERSITARY,ENGINEERING,MARKETING,,4754.9,
677,42,FEMENINO,ARGENTINA,TERTIARY,DEVELOPMENT,DATA,3.4,4562.5,
678,32,,,TERTIARY,DEVELOPMENT,DATA,4.4,5400,11.7
679,,MASCULINO,BRAZIL,,COMMERCIAL,,3.6,,
680,35,,ARGENTINA,UNIVERSITARY,ENGINEERING,EJECUTIVO,3.2,4400.6,19.1
681,36,FEMENINO,BRAZIL,,DEVELOPMENT,PROGRAMACION,3.2,4307.9,19.5
682,33,,BRAZIL,,ENGINEERING,DATA,3.8,4702,14.1
683,34,MASCULINO,MEXICO,UNIVERSITARY,ENGINEERING,DATA,3.1,4030.2,16.4
684,30,FEMENINO,ARGENTINA,UNIVERSITARY,,DATA,,1701.1,8.7
685,28,FEMENINO,BRAZIL,,COMMERCIAL,,,4653.6,8.6
686,32,MASCULINO,ARGENTINA,TERTIARY,COMMERCIAL,,3.4,4500.4,12.2
687,37,MASCULINO,,,COMMERCIAL,PROGRAMACION,3.5,4568.3,19.8
688,35,,ARGENTINA,UNIVERSITARY,ENGINEERING,MARKETING,3.2,4282.3,17.4
689,31,MASCULINO,BRAZIL,UNIVERSITARY,ENGINEERING,DATA,3.3,4389.2,11.8
690,41,FEMENINO,MEXICO,UNIVERSITARY,ENGINEERING,PROGRAMACION,3.7,,26.4
691,31,MASCULINO,ARGENTINA,TERTIARY,DEVELOPMENT,DATA,3.5,4498.3,11.1
692,33,FEMENINO,BRAZIL,UNIVERSITARY,ENGINEERING,PROGRAMACION,3.9,4748.9,13.8
693,,MASCULINO,BRAZIL,UNIVERSITARY,ENGINEERING,DATA,2.8,3261.9,25.3
694,39,FEMENINO,ARGENTINA,UNIVERSITARY,,,3.6,,24.1
695,37,MASCULINO,ARGENTINA,POST_GRADUATE,DEVELOPMENT,DATA,3.9,4613.5,20.9
696,31,MASCULINO,,TERTIARY,,MARKETING,,4834.3,
697,,FEMENINO,BRAZIL,UNIVERSITARY,COMMERCIAL,,2.7,2955.3,26.8
698,37,FEMENINO,ARGENTINA,POST_GRADUATE,ENGINEERING,PROGRAMACION,3.8,4749.4,20.5
699,,FEMENINO,ARGENTINA,UNIVERSITARY,ENGINEERING,PROGRAMACION,3.8,4650.7,
700,33,,ARGENTINA,UNIVERSITARY,ENGINEERING,DATA,3.6,4630.6,15.9
701,,FEMENINO,,TERTIARY,COMMERCIAL,,3.4,4530,25.9
702,41,MASCULINO,ARGENTINA,POST_GRADUATE,ENGINEERING,DATA,,4647.4,26.5
703,32,,ARGENTINA,POST_GRADUATE,ENGINEERING,PROGRAMACION,4,4665.9,12.5
704,34,MASCULINO,ARGENTINA,TERTIARY,DEVELOPMENT,PROGRAMACION,3.5,4702,15.1
705,,FEMENINO,ARGENTINA,UNIVERSITARY,ENGINEERING,,3.2,4273.8,21
706,35,,ARGENTINA,UNIVERSITARY,DEVELOPMENT,DATA,,3561,
707,,MASCULINO,,UNIVERSITARY,ENGINEERING,DATA,3.1,4188.9,
708,35,MASCULINO,ARGENTINA,POST_GRADUATE,ENGINEERING,DATA,3.6,4565,17.4
709,,,,UNIVERSITARY,ENGINEERING,PROGRAMACION,3.6,4639.2,10.5
710,,MASCULINO,ARGENTINA,TERTIARY,ENGINEERING,PROGRAMACION,3.5,,18.2
711,29,FEMENINO,ARGENTINA,UNIVERSITARY,COMMERCIAL,PROGRAMACION,3.4,4591.9,7.7
712,28,MASCULINO,,UNIVERSITARY,COMMERCIAL,DATA,3.5,4597.9,7.5
713,33,MASCULINO,ARGENTINA,UNIVERSITARY,ENGINEERING,PROGRAMACION,3.9,4671.2,
714,42,MASCULINO,MEXICO,UNIVERSITARY,COMMERCIAL,DATA,3.3,4396.2,26
715,29,FEMENINO,ARGENTINA,POST_GRADUATE,DEVELOPMENT,DATA,4,4679.6,
716,30,MASCULINO,ARGENTINA,UNIVERSITARY,ENGINEERING,PROGRAMACION,3.3,,10.2
717,,MASCULINO,ARGENTINA,POST_GRADUATE,ENGINEERING,MARKETING,3.5,4534.8,
718,33,,BRAZIL,UNIVERSITARY,ENGINEERING,PROGRAMACION,3.8,4699.7,13.9
719,29,FEMENINO,,UNIVERSITARY,ENGINEERING,PROGRAMACION,3.5,4665.3,
720,,FEMENINO,ARGENTINA,,ENGINEERING,DATA,3,3786.4,
721,31,FEMENINO,BRAZIL,UNIVERSITARY,COMMERCIAL,EJECUTIVO,2.9,3580.8,11.6
722,41,,ARGENTINA,TERTIARY,ENGINEERING,PROGRAMACION,3.4,,25.7
723,,MASCULINO,MEXICO,UNIVERSITARY,,DATA,3.7,,8.8
724,,MASCULINO,ARGENTINA,UNIVERSITARY,ENGINEERING,MARKETING,3.2,4232.2,9.3
725,39,MASCULINO,ARGENTINA,TERTIARY,ENGINEERING,,2.9,3567.8,23.2
726,,MASCULINO,MEXICO,UNIVERSITARY,COMMERCIAL,PROGRAMACION,3.5,,
727,40,MASCULINO,MEXICO,,ENGINEERING,PROGRAMACION,3.5,4573.1,25.5
728,33,MASCULINO,,POST_GRADUATE,COMMERCIAL,PROGRAMACION,3.5,4660.1,15
729,39,,ARGENTINA,UNIVERSITARY,,PROGRAMACION,,4669.3,24.9
730,26,FEMENINO,ARGENTINA,POST_GRADUATE,ENGINEERING,,2.8,3220.1,
731,34,MASCULINO,MEXICO,UNIVERSITARY,COMMERCIAL,PROGRAMACION,3.2,,16.2
732,,,ARGENTINA,TERTIARY,ENGINEERING,PROGRAMACION,4,4801,
733,35,MASCULINO,ARGENTINA,,COMMERCIAL,PROGRAMACION,3.6,4559.7,
734,28,MASCULINO,MEXICO,UNIVERSITARY,COMMERCIAL,DATA,3.1,4062.2,
735,33,MASCULINO,ARGENTINA,POST_GRADUATE,COMMERCIAL,DATA,3.8,4559.6,15.7
736,26,FEMENINO,ARGENTINA,POST_GRADUATE,COMMERCIAL,PROGRAMACION,,4408.7,4
737,,FEMENINO,ARGENTINA,TERTIARY,ENGINEERING,PROGRAMACION,4,,21.9
738,32,MASCULINO,ARGENTINA,UNIVERSITARY,ENGINEERING,PROGRAMACION,3.6,4579.7,12
739,36,MASCULINO,BRAZIL,,COMMERCIAL,DATA,3.7,4551.8,20.2
740,,MASCULINO,ARGENTINA,UNIVERSITARY,DEVELOPMENT,DATA,3.3,4534.2,24.3
741,34,MASCULINO,BRAZIL,,ENGINEERING,DATA,3.2,4387.4,17
742,,FEMENINO,ARGENTINA,UNIVERSITARY,ENGINEERING,MARKETING,2.9,,22.6
743,,MASCULINO,ARGENTINA,UNIVERSITARY,ENGINEERING,,3.6,,17.2
744,30,FEMENINO,,UNIVERSITARY,ENGINEERING,DATA,3.2,4372.6,
745,,MASCULINO,ARGENTINA,UNIVERSITARY,COMMERCIAL,DATA,3.1,4065.4,25.9
746,35,MASCULINO,BRAZIL,TERTIARY,COMMERCIAL,DATA,,4205.2,18.4
747,38,,,TERTIARY,,DATA,3.9,,
748,34,MASCULINO,ARGENTINA,UNIVERSITARY,ENGINEERING,,3.3,4449.3,14.9
749,34,MASCULINO,ARGENTINA,UNIVERSITARY,ENGINEERING,DATA,3.6,4552.4,15.9
750,37,,ARGENTINA,POST_GRADUATE,ENGINEERING,DATA,,4679.6,20.8
751,,MASCULINO,ARGENTINA,UNIVERSITARY,,PROGRAMACION,,7978.3,26.6
752,21,MASCULINO,BRAZIL,POST_GRADUATE,COMMERCIAL,EJECUTIVO,2.7,2834.6,
753,34,MASCULINO,ARGENTINA,UNIVERSITARY,DEVELOPMENT,DATA,3.1,4098.9,16.8
754,36,FEMENINO,ARGENTINA,UNIVERSITARY,ENGINEERING,DATA,,4669.7,20.2
755,,MASCULINO,BRAZIL,POST_GRADUATE,ENGINEERING,MARKETING,,4571.5,14.4
756,37,MASCULINO,BRAZIL,UNIVERSITARY,DEVELOPMENT,PROGRAMACION,,4725.1,20.7
757,39,MASCULINO,ARGENTINA,,,PROGRAMACION,3.4,,23.5
758,31,MASCULINO,BRAZIL,,ENGINEERING,DATA,3.7,4566.2,12.7
759,40,FEMENINO,,UNIVERSITARY,ENGINEERING,,3.2,4254.8,25.7
760,36,MASCULINO,MEXICO,TERTIARY,DEVELOPMENT,PROGRAMACION,3.5,4590.9,20
761,27,MASCULINO,,TERTIARY,ENGINEERING,PROGRAMACION,2.8,3200.5,5.1
762,44,MASCULINO,BRAZIL,UNIVERSITARY,ENGINEERING,,3.2,,27.9
763,38,MASCULINO,ARGENTINA,UNIVERSITARY,,PROGRAMACION,,,23.3
764,34,FEMENINO,ARGENTINA,,COMMERCIAL,,,4595.7,
765,36,MASCULINO,ARGENTINA,UNIVERSITARY,ENGINEERING,PROGRAMACION,3.4,4532.2,
766,30,MASCULINO,BRAZIL,UNIVERSITARY,DEVELOPMENT,PROGRAMACION,3,,10.7
767,25,MASCULINO,BRAZIL,UNIVERSITARY,ENGINEERING,DATA,,,3.8
768,36,MASCULINO,ARGENTINA,UNIVERSITARY,DEVELOPMENT,DATA,4,,
769,,MASCULINO,ARGENTINA,POST_GRADUATE,,,4.1,4742.8,
770,30,MASCULINO,ARGENTINA,POST_GRADUATE,DEVELOPMENT,,2.9,3577.7,10.7
771,35,,ARGENTINA,UNIVERSITARY,ENGINEERING,PROGRAMACION,,4742.8,17.7
772,24,MASCULINO,,UNIVERSITARY,ENGINEERING,DATA,3.9,4721.4,
773,43,FEMENINO,,TERTIARY,,MARKETING,3.9,4637.2,27.5
774,36,FEMENINO,ARGENTINA,UNIVERSITARY,MARKETING,MARKETING,4.1,4826,19.3
775,32,FEMENINO,,POST_GRADUATE,DEVELOPMENT,,3.7,4648.7,
776,35,MASCULINO,ARGENTINA,UNIVERSITARY,DEVELOPMENT,DATA,3.7,4711.5,17.6
777,33,,ARGENTINA,UNIVERSITARY,,DATA,,4673.4,13.5
778,36,MASCULINO,MEXICO,,ENGINEERING,PROGRAMACION,4.3,5154.2,19.9
779,37,MASCULINO,BRAZIL,UNIVERSITARY,ENGINEERING,DATA,,4637.8,
780,40,,ARGENTINA,UNIVERSITARY,MARKETING,EJECUTIVO,,4686.2,25.3
781,32,FEMENINO,ARGENTINA,POST_GRADUATE,DEVELOPMENT,DATA,,4517.1,11.6
782,32,MASCULINO,ARGENTINA,,COMMERCIAL,DATA,3.7,4697.9,13.2
783,35,MASCULINO,BRAZIL,,,EJECUTIVO,3.6,4732.4,18.5
784,27,FEMENINO,ARGENTINA,UNIVERSITARY,COMMERCIAL,DATA,3.2,,
785,36,FEMENINO,ARGENTINA,TERTIARY,MARKETING,DATA,3,3948.3,
786,43,FEMENINO,BRAZIL,TERTIARY,ENGINEERING,DATA,,4526.2,29.5
787,29,FEMENINO,MEXICO,TERTIARY,ENGINEERING,PROGRAMACION,2.7,2873.6,8.8
788,25,MASCULINO,ARGENTINA,UNIVERSITARY,DEVELOPMENT,MARKETING,3.7,4568.3,3.3
789,34,MASCULINO,ARGENTINA,UNIVERSITARY,,PROGRAMACION,4.4,5342.1,16.8
790,34,MASCULINO,ARGENTINA,UNIVERSITARY,ENGINEERING,PROGRAMACION,4,,15.9
791,,FEMENINO,ARGENTINA,,ENGINEERING,,3.5,,25.6
792,31,FEMENINO,,,DEVELOPMENT,DATA,3.2,4378.8,13
793,39,MASCULINO,ARGENTINA,,ENGINEERING,PROGRAMACION,3,3766.7,
794,30,MASCULINO,,UNIVERSITARY,DEVELOPMENT,PROGRAMACION,2.8,,9.9
795,35,MASCULINO,ARGENTINA,POST_GRADUATE,MARKETING,DATA,3.4,,19.4
796,37,MASCULINO,MEXICO,TERTIARY,COMMERCIAL,DATA,3,3791.4,20.1
797,30,FEMENINO,MEXICO,UNIVERSITARY,,PROGRAMACION,3.1,4161.3,9.2
798,42,,ARGENTINA,POST_GRADUATE,ENGINEERING,,,,26.3
799,38,,,TERTIARY,ENGINEERING,PROGRAMACION,3.2,4265.6,22.4
800,32,,,,ENGINEERING,DATA,3.5,4563.8,12.3
801,29,FEMENINO,ARGENTINA,UNIVERSITARY,DEVELOPMENT,PROGRAMACION,3,3815,9.2
802,35,,ARGENTINA,UNIVERSITARY,ENGINEERING,PROGRAMACION,3.6,4637,18.5
803,38,MASCULINO,BRAZIL,UNIVERSITARY,,PROGRAMACION,3.6,4691.3,22.8
804,,MASCULINO,ARGENTINA,UNIVERSITARY,ENGINEERING,PROGRAMACION,2.7,,3.8
805,49,MASCULINO,ARGENTINA,UNIVERSITARY,ENGINEERING,DATA,3.3,4444,30.5
806,35,FEMENINO,ARGENTINA,TERTIARY,,PROGRAMACION,3.5,4619.3,18
807,27,FEMENINO,ARGENTINA,TERTIARY,ENGINEERING,PROGRAMACION,3.4,4555,5.5
808,26,FEMENINO,ARGENTINA,TERTIARY,DEVELOPMENT,PROGRAMACION,3.4,4646.3,
809,37,FEMENINO,ARGENTINA,UNIVERSITARY,DEVELOPMENT,,3.3,4494.7,20.4
810,34,,ARGENTINA,TERTIARY,ENGINEERING,DATA,,,
811,49,,ARGENTINA,UNIVERSITARY,DEVELOPMENT,DATA,3.5,4607.5,30.2
812,28,MASCULINO,MEXICO,TERTIARY,ENGINEERING,MARKETING,2.9,3670.7,8
813,31,,ARGENTINA,UNIVERSITARY,COMMERCIAL,DATA,3.6,4602,10.4
814,32,,MEXICO,UNIVERSITARY,MARKETING,EJECUTIVO,3.4,4572.4,12.9
815,36,FEMENINO,ARGENTINA,UNIVERSITARY,ENGINEERING,EJECUTIVO,3.7,4663.8,19.6
816,,MASCULINO,,UNIVERSITARY,ENGINEERING,,3.3,4386.9,15.9
817,38,MASCULINO,ARGENTINA,UNIVERSITARY,DEVELOPMENT,EJECUTIVO,3.2,4355.9,21.9
818,,FEMENINO,ARGENTINA,POST_GRADUATE,ENGINEERING,MARKETING,4.1,4745.8,
819,32,MASCULINO,ARGENTINA,,DEVELOPMENT,PROGRAMACION,4.5,5730.3,14
820,,MASCULINO,BRAZIL,UNIVERSITARY,ENGINEERING,PROGRAMACION,3.2,4283.6,21.4
821,33,,ARGENTINA,,ENGINEERING,DATA,4.2,4965.9,15.3
822,49,FEMENINO,BRAZIL,POST_GRADUATE,COMMERCIAL,PROGRAMACION,3.9,4695.4,29.6
823,34,MASCULINO,ARGENTINA,UNIVERSITARY,,PROGRAMACION,3.6,4714.1,17.5
824,33,MASCULINO,ARGENTINA,,ENGINEERING,DATA,3.3,4406.5,16.1
825,33,,BRAZIL,TERTIARY,COMMERCIAL,PROGRAMACION,3.2,4373.4,14.3
826,41,FEMENINO,,UNIVERSITARY,COMMERCIAL,DATA,4,,
827,37,,ARGENTINA,TERTIARY,ENGINEERING,DATA,3.5,4627,21.7
828,,MASCULINO,ARGENTINA,UNIVERSITARY,COMMERCIAL,PROGRAMACION,3.2,4243.3,30.9
829,,MASCULINO,ARGENTINA,,,PROGRAMACION,3.4,4498.9,14.2
830,37,MASCULINO,ARGENTINA,TERTIARY,ENGINEERING,EJECUTIVO,4,4783,21.4
831,28,,BRAZIL,UNIVERSITARY,DEVELOPMENT,DATA,3.7,4553.2,6.4
832,32,FEMENINO,ARGENTINA,POST_GRADUATE,ENGINEERING,PROGRAMACION,3.1,4191.6,11.9
833,45,,,UNIVERSITARY,COMMERCIAL,PROGRAMACION,3,3844.9,28.8
834,,FEMENINO,,POST_GRADUATE,ENGINEERING,DATA,2.9,3540.7,11.3
835,36,,ARGENTINA,UNIVERSITARY,ENGINEERING,PROGRAMACION,3.9,,19.2
836,,MASCULINO,ARGENTINA,UNIVERSITARY,COMMERCIAL,DATA,,4575.2,25
837,,MASCULINO,BRAZIL,UNIVERSITARY,ENGINEERING,EJECUTIVO,3.4,4532.4,18.1
838,39,FEMENINO,MEXICO,UNIVERSITARY,COMMERCIAL,DATA,,4511.3,25.6
839,37,MASCULINO,ARGENTINA,POST_GRADUATE,DEVELOPMENT,PROGRAMACION,3.3,4382.2,22.4
840,35,MASCULINO,ARGENTINA,UNIVERSITARY,COMMERCIAL,PROGRAMACION,4.1,4801.8,18.4
841,,MASCULINO,ARGENTINA,UNIVERSITARY,ENGINEERING,DATA,3.6,4616.1,30
842,38,MASCULINO,ARGENTINA,UNIVERSITARY,COMMERCIAL,EJECUTIVO,3.3,4408.2,
843,36,,BRAZIL,UNIVERSITARY,ENGINEERING,DATA,3.2,4237.9,20.2
844,34,,,,,DATA,4,4667.3,14.6
845,41,MASCULINO,ARGENTINA,UNIVERSITARY,COMMERCIAL,PROGRAMACION,3,3883.7,26.9
846,,,ARGENTINA,POST_GRADUATE,COMMERCIAL,DATA,3.7,4637.1,29.3
847,30,MASCULINO,MEXICO,,DEVELOPMENT,MARKETING,4,4702.6,
848,36,MASCULINO,ARGENTINA,,BUSINESS,DATA,4.1,4817.9,20.3
849,,,,UNIVERSITARY,ENGINEERING,EJECUTIVO,3.2,4300.9,
850,27,MASCULINO,MEXICO,TERTIARY,COMMERCIAL,DATA,3.1,4171.9,4.2
851,39,MASCULINO,ARGENTINA,POST_GRADUATE,COMMERCIAL,PROGRAMACION,3.2,4293.5,
852,25,MASCULINO,,UNIVERSITARY,ENGINEERING,PROGRAMACION,3.7,4588.1,2.1
853,23,MASCULINO,BRAZIL,UNIVERSITARY,DEVELOPMENT,,2.6,2444.8,0.7
854,33,MASCULINO,ARGENTINA,UNIVERSITARY,,DATA,2.9,,15
855,,MASCULINO,ARGENTINA,UNIVERSITARY,COMMERCIAL,PROGRAMACION,3.2,4290.5,23.7
856,,MASCULINO,MEXICO,,ENGINEERING,PROGRAMACION,,4841.8,6.5
857,34,FEMENINO,ARGENTINA,POST_GRADUATE,ENGINEERING,PROGRAMACION,4.5,5689.7,17.4
858,,MASCULINO,ARGENTINA,POST_GRADUATE,ENGINEERING,,3,3870.6,18.1
859,40,FEMENINO,ARGENTINA,,ENGINEERING,PROGRAMACION,,4381.3,25.3
860,39,,ARGENTINA,UNIVERSITARY,DEVELOPMENT,EJECUTIVO,3.7,4611.2,22.6
861,32,FEMENINO,ARGENTINA,,DEVELOPMENT,DATA,4,,14.6
862,37,MASCULINO,MEXICO,UNIVERSITARY,COMMERCIAL,PROGRAMACION,,4511.1,22.4
863,30,FEMENINO,ARGENTINA,,ENGINEERING,DATA,3.8,4618.1,9.7
864,,,ARGENTINA,UNIVERSITARY,DEVELOPMENT,DATA,4.1,4881.7,30.1
865,34,MASCULINO,ARGENTINA,UNIVERSITARY,,DATA,2.3,1358.5,15
866,,MASCULINO,MEXICO,UNIVERSITARY,,DATA,3.8,4624.5,12.7
867,33,FEMENINO,BRAZIL,TERTIARY,ENGINEERING,PROGRAMACION,3.6,4660.4,15.6
868,38,,ARGENTINA,TERTIARY,DEVELOPMENT,PROGRAMACION,,4553.4,21.9
869,32,FEMENINO,BRAZIL,POST_GRADUATE,ENGINEERING,,3.9,4730.8,
870,33,MASCULINO,ARGENTINA,POST_GRADUATE,COMMERCIAL,PROGRAMACION,,4707.2,15.9
871,32,MASCULINO,ARGENTINA,UNIVERSITARY,ENGINEERING,DATA,3.5,4655.5,13
872,34,MASCULINO,BRAZIL,POST_GRADUATE,COMMERCIAL,PROGRAMACION,3.6,4614.9,
873,35,,ARGENTINA,TERTIARY,ENGINEERING,DATA,3.9,4721.6,17.8
874,33,MASCULINO,ARGENTINA,TERTIARY,BUSINESS,PROGRAMACION,3.2,4391.2,16.1
875,,MASCULINO,ARGENTINA,POST_GRADUATE,COMMERCIAL,,2.9,3570.1,12.4
876,36,MASCULINO,ARGENTINA,UNIVERSITARY,ENGINEERING,PROGRAMACION,4.3,5039.3,19.8
877,44,FEMENINO,ARGENTINA,,COMMERCIAL,DATA,3,3876.3,
878,39,MASCULINO,ARGENTINA,UNIVERSITARY,,DATA,2.9,3611.3,23.9
879,38,MASCULINO,ARGENTINA,POST_GRADUATE,ENGINEERING,DATA,,4544.3,21.1
880,40,MASCULINO,ARGENTINA,,ENGINEERING,DATA,3.1,4074,26.3
881,37,FEMENINO,ARGENTINA,,DEVELOPMENT,PROGRAMACION,3.5,4560.3,20.5
882,32,MASCULINO,ARGENTINA,UNIVERSITARY,COMMERCIAL,DATA,4.3,5117.9,12.2
883,43,MASCULINO,ARGENTINA,,ENGINEERING,PROGRAMACION,3.9,4738.4,29.2
884,,MASCULINO,MEXICO,,ENGINEERING,DATA,3.4,4640.9,2.8
885,33,FEMENINO,ARGENTINA,UNIVERSITARY,DEVELOPMENT,MARKETING,3.6,4569.8,13.5
886,30,MASCULINO,,UNIVERSITARY,DEVELOPMENT,DATA,,,10.5
887,33,MASCULINO,,TERTIARY,,PROGRAMACION,3.4,4477.8,
888,30,MASCULINO,MEXICO,TERTIARY,ENGINEERING,DATA,4.1,4856.5,11
889,40,MASCULINO,ARGENTINA,UNIVERSITARY,ENGINEERING,PROGRAMACION,3.7,4732.3,24.3
890,40,FEMENINO,MEXICO,UNIVERSITARY,DEVELOPMENT,PROGRAMACION,3.9,4618.2,25
891,29,MASCULINO,,UNIVERSITARY,ENGINEERING,PROGRAMACION,3.6,4629.9,7.9
892,41,,BRAZIL,UNIVERSITARY,ENGINEERING,PROGRAMACION,3.4,4557.3,
893,,MASCULINO,ARGENTINA,POST_GRADUATE,ENGINEERING,PROGRAMACION,4.1,4809.3,24.5
894,28,MASCULINO,ARGENTINA,UNIVERSITARY,ENGINEERING,,3,3790.2,6.1
895,32,FEMENINO,MEXICO,POST_GRADUATE,,PROGRAMACION,3.8,4651.9,13.1
896,35,MASCULINO,MEXICO,TERTIARY,COMMERCIAL,DATA,2.9,3650.9,16.4
897,32,MASCULINO,BRAZIL,,DEVELOPMENT,DATA,3.3,4492.2,14
898,27,FEMENINO,MEXICO,UNIVERSITARY,ENGINEERING,DATA,3,,5.6
899,36,FEMENINO,ARGENTINA,UNIVERSITARY,ENGINEERING,PROGRAMACION,4,4770.3,18.5
900,34,MASCULINO,ARGENTINA,UNIVERSITARY,BUSINESS,,,4758.6,15.3
901,34,,ARGENTINA,POST_GRADUATE,DEVELOPMENT,DATA,3.7,4720.8,
902,27,MASCULINO,BRAZIL,UNIVERSITARY,ENGINEERING,DATA,2.9,3603.9,5
903,43,MASCULINO,ARGENTINA,UNIVERSITARY,,DATA,4.1,4707.2,28.2
904,24,MASCULINO,BRAZIL,TERTIARY,BUSINESS,EJECUTIVO,3.8,4624.8,3.3
905,34,MASCULINO,ARGENTINA,UNIVERSITARY,ENGINEERING,PROGRAMACION,3.5,4541.3,16.3
906,33,,ARGENTINA,POST_GRADUATE,ENGINEERING,PROGRAMACION,3.6,,15.7
907,31,MASCULINO,MEXICO,POST_GRADUATE,ENGINEERING,,3.3,4500.3,10.9
908,32,FEMENINO,MEXICO,POST_GRADUATE,ENGINEERING,DATA,,4540,13.2
909,29,FEMENINO,ARGENTINA,,,DATA,2.9,3576,10.4
910,25,FEMENINO,ARGENTINA,UNIVERSITARY,,PROGRAMACION,3.6,4554.9,1.5
911,35,MASCULINO,MEXICO,UNIVERSITARY,ENGINEERING,MARKETING,3.4,,16.7
912,35,MASCULINO,,TERTIARY,,DATA,3.9,4674.9,18.4
913,33,MASCULINO,ARGENTINA,UNIVERSITARY,,PROGRAMACION,3.6,4708.4,15.7
914,41,MASCULINO,ARGENTINA,POST_GRADUATE,BUSINESS,,3.4,,26.5
915,,,ARGENTINA,UNIVERSITARY,COMMERCIAL,DATA,4,4798.1,24.4
916,,MASCULINO,MEXICO,TERTIARY,ENGINEERING,EJECUTIVO,4,4744.2,14.9
917,31,FEMENINO,ARGENTINA,,ENGINEERING,PROGRAMACION,3.5,4657.8,11.2
918,35,FEMENINO,ARGENTINA,UNIVERSITARY,ENGINEERING,DATA,3.5,4597.8,
919,36,,MEXICO,,ENGINEERING,DATA,4.1,,19.3
920,24,MASCULINO,ARGENTINA,TERTIARY,,PROGRAMACION,3.3,4385.4,3.7
921,37,FEMENINO,ARGENTINA,UNIVERSITARY,ENGINEERING,PROGRAMACION,3.1,,
922,29,,BRAZIL,UNIVERSITARY,COMMERCIAL,DATA,3.6,4644.3,7.5
923,42,MASCULINO,ARGENTINA,UNIVERSITARY,DEVELOPMENT,PROGRAMACION,3.5,4658.6,25.6
924,32,FEMENINO,ARGENTINA,UNIVERSITARY,ENGINEERING,DATA,3.8,4630.6,13.4
925,43,MASCULINO,ARGENTINA,UNIVERSITARY,ENGINEERING,PROGRAMACION,2.8,3252.2,28.1
926,33,FEMENINO,ARGENTINA,,ENGINEERING,PROGRAMACION,3.8,4555.8,14.3
927,30,MASCULINO,ARGENTINA,,COMMERCIAL,PROGRAMACION,3.6,,11.3
928,,FEMENINO,,TERTIARY,ENGINEERING,PROGRAMACION,3.3,4375,
929,34,MASCULINO,,UNIVERSITARY,ENGINEERING,PROGRAMACION,3.8,4648.2,15.8
930,34,MASCULINO,BRAZIL,UNIVERSITARY,,PROGRAMACION,3.7,4667.1,14.9
931,34,FEMENINO,BRAZIL,TERTIARY,COMMERCIAL,DATA,3.4,4576.1,15.5
932,,MASCULINO,,UNIVERSITARY,,,3.9,4737.1,16.6
933,40,FEMENINO,ARGENTINA,TERTIARY,COMMERCIAL,PROGRAMACION,3.5,4519.7,23.6
934,30,MASCULINO,MEXICO,UNIVERSITARY,,PROGRAMACION,3.5,4619.6,9.6
935,40,MASCULINO,ARGENTINA,TERTIARY,,,3.3,4425.2,25.9
936,30,MASCULINO,BRAZIL,UNIVERSITARY,,PROGRAMACION,3.5,4597.7,10.6
937,,MASCULINO,,UNIVERSITARY,DEVELOPMENT,PROGRAMACION,3.5,,
938,29,FEMENINO,ARGENTINA,UNIVERSITARY,ENGINEERING,DATA,3.8,4590.4,
939,40,,,,DEVELOPMENT,DATA,3.7,4729.6,25.4
940,29,,,,ENGINEERING,EJECUTIVO,3.1,,7.6
941,35,FEMENINO,,,ENGINEERING,DATA,3.1,,
942,31,FEMENINO,,TERTIARY,BUSINESS,EJECUTIVO,,4607.2,11.9
943,28,MASCULINO,MEXICO,TERTIARY,ENGINEERING,PROGRAMACION,3.2,4320.6,6.1
944,32,MASCULINO,MEXICO,POST_GRADUATE,ENGINEERING,PROGRAMACION,3.7,4641,13.5
945,39,MASCULINO,ARGENTINA,UNIVERSITARY,DEVELOPMENT,DATA,3.8,4592,24.6
946,29,FEMENINO,BRAZIL,UNIVERSITARY,,PROGRAMACION,3.3,,9.3
947,37,,,,ENGINEERING,DATA,3.3,4346,20.7
948,37,MASCULINO,ARGENTINA,,ENGINEERING,MARKETING,,3227.1,20.8
949,29,MASCULINO,ARGENTINA,,DEVELOPMENT,DATA,3.7,4644.4,9.1
950,36,FEMENINO,MEXICO,UNIVERSITARY,ENGINEERING,PROGRAMACION,2.8,3284.9,18.7
951,37,FEMENINO,MEXICO,UNIVERSITARY,ENGINEERING,,3.5,4497.3,20.7
952,37,FEMENINO,MEXICO,TERTIARY,COMMERCIAL,DATA,3.1,4202.5,21.2
953,45,MASCULINO,MEXICO,UNIVERSITARY,ENGINEERING,,2.7,2897.8,29.7
954,37,MASCULINO,ARGENTINA,UNIVERSITARY,COMMERCIAL,DATA,4,4782.3,20.9
955,37,MASCULINO,MEXICO,UNIVERSITARY,ENGINEERING,DATA,3.4,4584.8,20.1
956,34,MASCULINO,ARGENTINA,UNIVERSITARY,ENGINEERING,PROGRAMACION,3.7,4575.8,
957,23,MASCULINO,BRAZIL,UNIVERSITARY,ENGINEERING,DATA,,3504.6,1.7
958,36,,ARGENTINA,,ENGINEERING,,3.7,4548.6,
959,27,MASCULINO,,,COMMERCIAL,DATA,3.2,4218,6.8
960,41,FEMENINO,ARGENTINA,UNIVERSITARY,COMMERCIAL,DATA,3.8,4693.9,27.5
961,39,FEMENINO,ARGENTINA,UNIVERSITARY,ENGINEERING,MARKETING,3.6,4651.6,23.9
962,,MASCULINO,BRAZIL,POST_GRADUATE,DEVELOPMENT,,4,4772,23.8
963,34,MASCULINO,MEXICO,POST_GRADUATE,DEVELOPMENT,DATA,3.7,4701.6,
964,,,MEXICO,TERTIARY,,DATA,3.4,4555.8,19.1
965,35,,ARGENTINA,UNIVERSITARY,COMMERCIAL,DATA,,4388.2,
966,,,,UNIVERSITARY,ENGINEERING,DATA,3.7,,12.8
967,33,,ARGENTINA,UNIVERSITARY,COMMERCIAL,DATA,3.5,4520.6,13.4
968,32,MASCULINO,,TERTIARY,ENGINEERING,DATA,2.8,3323.7,13.3
969,31,MASCULINO,ARGENTINA,UNIVERSITARY,ENGINEERING,DATA,2.9,3649.4,12.3
970,29,,BRAZIL,,ENGINEERING,PROGRAMACION,3.5,4657,7
971,28,MASCULINO,,,,,3.5,4621.5,7.1
972,32,MASCULINO,MEXICO,UNIVERSITARY,,PROGRAMACION,3.3,,13.8
973,39,MASCULINO,ARGENTINA,,DEVELOPMENT,DATA,3.5,4565.6,23
974,28,,ARGENTINA,TERTIARY,DEVELOPMENT,PROGRAMACION,,4208.7,8.7
975,35,MASCULINO,ARGENTINA,UNIVERSITARY,DEVELOPMENT,EJECUTIVO,3.3,,16.8
976,40,MASCULINO,BRAZIL,TERTIARY,ENGINEERING,PROGRAMACION,3.4,4567.9,25.3
977,32,MASCULINO,BRAZIL,TERTIARY,ENGINEERING,DATA,,4484.8,
978,34,,ARGENTINA,POST_GRADUATE,COMMERCIAL,MARKETING,3.5,4544.8,15.5
979,41,MASCULINO,,UNIVERSITARY,,,3.3,4384.7,25.8
980,,FEMENINO,ARGENTINA,,DEVELOPMENT,EJECUTIVO,3.3,4504.8,11.1
981,,FEMENINO,MEXICO,,ENGINEERING,DATA,4,4726.1,12.2
982,35,MASCULINO,MEXICO,UNIVERSITARY,COMMERCIAL,DATA,3.6,4672.1,16.9
983,,MASCULINO,ARGENTINA,UNIVERSITARY,ENGINEERING,PROGRAMACION,3.1,4120.3,14.4
984,36,MASCULINO,MEXICO,UNIVERSITARY,ENGINEERING,DATA,,4108.5,18.7
985,40,FEMENINO,ARGENTINA,UNIVERSITARY,ENGINEERING,DATA,3.8,,
986,39,FEMENINO,BRAZIL,POST_GRADUATE,ENGINEERING,,2.7,2937.9,24.1
987,42,MASCULINO,ARGENTINA,TERTIARY,DEVELOPMENT,MARKETING,3.4,,26.2
988,32,FEMENINO,ARGENTINA,UNIVERSITARY,ENGINEERING,MARKETING,3,3897,13.9
989,28,,ARGENTINA,POST_GRADUATE,DEVELOPMENT,EJECUTIVO,3.7,4598.2,5.9
990,39,FEMENINO,ARGENTINA,UNIVERSITARY,,DATA,3.3,4387.3,24.7
991,34,MASCULINO,,,ENGINEERING,DATA,3,3831.3,15.1
992,29,FEMENINO,ARGENTINA,UNIVERSITARY,DEVELOPMENT,PROGRAMACION,3.1,,8.9
993,23,MASCULINO,ARGENTINA,TERTIARY,ENGINEERING,DATA,3.7,4550.9,1.6
994,38,MASCULINO,,UNIVERSITARY,DEVELOPMENT,,4.2,5000.6,23.1
995,28,,BRAZIL,UNIVERSITARY,DEVELOPMENT,DATA,4,4730.5,
996,30,MASCULINO,ARGENTINA,UNIVERSITARY,ENGINEERING,DATA,,4698.4,10
997,33,,BRAZIL,POST_GRADUATE,DEVELOPMENT,PROGRAMACION,3.9,4644.7,14.4
998,26,MASCULINO,,UNIVERSITARY,DEVELOPMENT,PROGRAMACION,3.4,4498.1,6.1
999,46,FEMENINO,ARGENTINA,POST_GRADUATE,ENGINEERING,,3.9,4682,
